playerId,playerFullName,countryCode,clubName,inferredStartDate,inferredEndDate,inferredSeverity,inferredInjuryId
1190e590-147d-409a-899b-c84ac4c7ecb6,Aaron Cresswell,ENG,West Ham,2023-08-30,2024-01-15,SEVERE,25f9d27e-d271-4d77-b279-d0cc0fc135dc
f65c9f1a-8c1e-4839-ba7b-2dc392fa3747,Abdoulaye Bamba,FRA,Angers,2019-08-30,2020-02-02,SEVERE,7176d9b1-4cdf-4ad5-b62f-8ab6b7a28018
dae35c25-12f8-4e1e-8b85-f71a32eb1a60,Abdoulaye Touré,FRA,Nantes,2025-08-30,2025-12-30,SEVERE,49a5edcd-fc67-4300-8685-16f95cd389ae
dae35c25-12f8-4e1e-8b85-f71a32eb1a60,Abdoulaye Touré,FRA,Le Havre,2025-08-30,2025-12-30,SEVERE,49a5edcd-fc67-4300-8685-16f95cd389ae
fd6a59f9-5f8a-4856-9081-ce4c8ce54fd6,Adam Lallana,ENG,Liverpool,2017-08-30,2018-02-07,SEVERE,c1b0b20e-e458-4159-b294-67b6e37326f5
dc17969e-82b2-436f-a485-a3a7765f84b6,Adama Traoré,ENG,Wolves,2021-08-30,2021-12-30,SEVERE,75284192-4b14-4e08-b422-7927fa00af5a
37ab8398-70a0-4fb7-9b7e-b2ca8f1e9543,Adrien Tameze,ITA,Hellas Verona,2019-08-30,2020-02-25,SEVERE,2a91498a-1cc1-410e-9ae6-4a56cf356151
37ab8398-70a0-4fb7-9b7e-b2ca8f1e9543,Adrien Tameze,FRA,Nice,2019-08-30,2020-02-25,SEVERE,2a91498a-1cc1-410e-9ae6-4a56cf356151
22b12da7-3111-426b-8272-d51907b54027,Adrià Pedrosa,ESP,Espanyol,2022-08-30,2023-02-25,SEVERE,aec1e886-d735-4c97-a253-cbeb3efe39b3
22b12da7-3111-426b-8272-d51907b54027,Adrià Pedrosa,ESP,Sevilla,2022-08-30,2023-02-25,SEVERE,aec1e886-d735-4c97-a253-cbeb3efe39b3
103e73e5-885c-4769-8977-babc4865c145,Alexsandro Ribeiro,FRA,Lille,2025-08-30,2026-02-15,SEVERE,5ee2307d-71bb-4862-a531-c5a458ff85f2
435904b6-279c-4326-a8cd-f16f6bd4653e,Alfonso Espino,ESP,Rayo Vallecano,2024-08-30,2025-01-06,SEVERE,b5bcca17-371a-4e76-b945-8ec1e1b951b6
435904b6-279c-4326-a8cd-f16f6bd4653e,Alfonso Espino,ESP,Cádiz,2024-08-30,2025-01-06,SEVERE,b5bcca17-371a-4e76-b945-8ec1e1b951b6
bb11424c-09b0-4eaf-b406-09743d4fa15d,Allan Nyom,ENG,West Brom,2021-08-30,2022-02-06,SEVERE,408c3fac-edab-4a69-b848-7fec832d5604
bb11424c-09b0-4eaf-b406-09743d4fa15d,Allan Nyom,ESP,Getafe,2021-08-30,2022-02-06,SEVERE,408c3fac-edab-4a69-b848-7fec832d5604
67d3fa04-e7ad-48b3-bcab-739afa2cee0e,Allan Saint-Maximin,FRA,Bastia,2022-08-30,2023-01-06,SEVERE,94f6c238-c867-4eb1-ba24-e635eb59c1e2
67d3fa04-e7ad-48b3-bcab-739afa2cee0e,Allan Saint-Maximin,ENG,Newcastle,2022-08-30,2023-01-06,SEVERE,94f6c238-c867-4eb1-ba24-e635eb59c1e2
67d3fa04-e7ad-48b3-bcab-739afa2cee0e,Allan Saint-Maximin,FRA,Nice,2022-08-30,2023-01-06,SEVERE,94f6c238-c867-4eb1-ba24-e635eb59c1e2
295da826-1882-4ecb-9255-849877d25077,Amath,ESP,Getafe,2018-08-30,2019-01-20,SEVERE,3801dba6-19bd-4fcf-b9c0-a6662f0e3d8e
d957bbcf-0623-4d35-87fb-a2872d194949,Andrea Masiello,ITA,Atalanta,2021-08-30,2022-02-04,SEVERE,6c60b096-8244-4e25-8ef3-db0896061a13
d957bbcf-0623-4d35-87fb-a2872d194949,Andrea Masiello,ITA,Genoa,2021-08-30,2022-02-04,SEVERE,6c60b096-8244-4e25-8ef3-db0896061a13
71e729b6-0e34-4a8e-9c05-975496d16bb0,André Almeida,ESP,Valencia,2023-08-30,2023-12-29,SEVERE,516edc55-ef92-4740-812b-cc39be548a0d
ec9c2783-95c5-4a4a-9a82-fb40f9e9bec7,Andy Delort,FRA,Montpellier,2022-08-30,2023-01-05,SEVERE,e74df637-81e6-49d4-88b5-dcf0645a2624
ec9c2783-95c5-4a4a-9a82-fb40f9e9bec7,Andy Delort,FRA,Nice,2022-08-30,2023-01-05,SEVERE,e74df637-81e6-49d4-88b5-dcf0645a2624
ec9c2783-95c5-4a4a-9a82-fb40f9e9bec7,Andy Delort,FRA,Toulouse,2022-08-30,2023-01-05,SEVERE,e74df637-81e6-49d4-88b5-dcf0645a2624
a34fc024-89b6-43c8-9dca-718a5d45274c,Andy Diouf,FRA,Lens,2025-08-30,2026-02-11,SEVERE,b546aa35-21ca-4f54-a947-b12d6a76fc8b
f63f209d-7a59-40c1-973f-761a4bd6ffc1,Angel Gomes,FRA,Lille,2024-08-30,2025-01-18,SEVERE,8066c760-0fb8-4e44-a3ab-3ad8fe14540f
11e54429-c2fc-4164-ab68-1055d86e9e7b,Angeliño,GER,RB Leipzig,2025-08-30,2026-02-25,SEVERE,4f8d4ee9-c849-4f20-b62c-6beda667ee1a
11e54429-c2fc-4164-ab68-1055d86e9e7b,Angeliño,ITA,Roma,2025-08-30,2026-02-25,SEVERE,4f8d4ee9-c849-4f20-b62c-6beda667ee1a
11e54429-c2fc-4164-ab68-1055d86e9e7b,Angeliño,GER,Hoffenheim,2025-08-30,2026-02-25,SEVERE,4f8d4ee9-c849-4f20-b62c-6beda667ee1a
7a175efd-9a63-4419-ae79-c7785039c99b,Angelo Ogbonna,ENG,West Ham,2021-08-30,2021-12-29,SEVERE,45bcb141-88c9-49c2-a16d-05d7f5d7f16c
1e2c452a-c1a0-44ae-8f65-4b3824b208c7,Anthony Caci,FRA,Strasbourg,2019-08-30,2019-12-31,SEVERE,4527a5fa-5042-42eb-b8a6-223a3f6acb1c
1e2c452a-c1a0-44ae-8f65-4b3824b208c7,Anthony Caci,GER,Mainz 05,2019-08-30,2019-12-31,SEVERE,4527a5fa-5042-42eb-b8a6-223a3f6acb1c
1e2c452a-c1a0-44ae-8f65-4b3824b208c7,Anthony Caci,GER,Mainz 05,2025-08-30,2026-02-13,SEVERE,f5f8e415-836e-4b1b-afe6-b790038e868b
1e2c452a-c1a0-44ae-8f65-4b3824b208c7,Anthony Caci,FRA,Strasbourg,2025-08-30,2026-02-13,SEVERE,f5f8e415-836e-4b1b-afe6-b790038e868b
b419a02c-21a4-4975-a7c0-6efb46c8ee56,Anthony Losilla,GER,Bochum,2024-08-30,2024-12-18,SEVERE,b72bf297-e277-4955-9df6-94f93d52f133
66f317ab-6435-4744-96f6-60a6d669a839,Antonio Barragán,ESP,Elche,2018-08-30,2018-12-18,SEVERE,512b3452-963c-41c4-9e29-b3453cc99d4a
66f317ab-6435-4744-96f6-60a6d669a839,Antonio Barragán,ESP,Real Betis,2018-08-30,2018-12-18,SEVERE,512b3452-963c-41c4-9e29-b3453cc99d4a
4b8c149f-ad1a-4529-8c99-aa3d08a4f28e,Antonio Barreca,ITA,Torino,2017-08-30,2018-01-23,SEVERE,01422d28-3cb3-4fd5-8f24-8cfd52428412
39a2d938-c031-4be8-af4e-19a22d7ab113,Antonio Candreva,ITA,Sampdoria,2018-08-30,2019-02-03,SEVERE,807bae24-dc5b-491f-9cd6-d31ad945fdbf
39a2d938-c031-4be8-af4e-19a22d7ab113,Antonio Candreva,ITA,Inter,2018-08-30,2019-02-03,SEVERE,807bae24-dc5b-491f-9cd6-d31ad945fdbf
39a2d938-c031-4be8-af4e-19a22d7ab113,Antonio Candreva,ITA,Salernitana,2018-08-30,2019-02-03,SEVERE,807bae24-dc5b-491f-9cd6-d31ad945fdbf
1642136d-28f2-49b8-8276-59b110e5e212,Antonio Valencia,ENG,Manchester Utd,2018-08-30,2019-02-21,SEVERE,861d5f70-a371-496f-9595-aa3da522e2e4
879f3868-a0f7-4abf-a073-123cc83c4cee,Antonín Barák,ITA,Udinese,2018-08-30,2019-02-25,SEVERE,f31f63dc-4322-4521-aa61-a4a7bad18136
879f3868-a0f7-4abf-a073-123cc83c4cee,Antonín Barák,ITA,Hellas Verona,2018-08-30,2019-02-25,SEVERE,f31f63dc-4322-4521-aa61-a4a7bad18136
e0d3ccad-f0f3-4f70-a98a-67fd052f1335,Arnaud Souquet,FRA,Montpellier,2022-08-30,2023-01-29,SEVERE,dddb63a3-5f60-49f9-928b-4b7e0341f713
e0d3ccad-f0f3-4f70-a98a-67fd052f1335,Arnaud Souquet,FRA,Nice,2022-08-30,2023-01-29,SEVERE,dddb63a3-5f60-49f9-928b-4b7e0341f713
f6db7c98-5cf3-43f1-b2b9-0ebb8f243593,Axel Disasi,ENG,Chelsea,2024-08-30,2025-02-17,SEVERE,5a5347ad-a8f0-4822-b061-5b4d1cbae0dc
f6db7c98-5cf3-43f1-b2b9-0ebb8f243593,Axel Disasi,FRA,Reims,2024-08-30,2025-02-17,SEVERE,5a5347ad-a8f0-4822-b061-5b4d1cbae0dc
f6db7c98-5cf3-43f1-b2b9-0ebb8f243593,Axel Disasi,FRA,Monaco,2024-08-30,2025-02-17,SEVERE,5a5347ad-a8f0-4822-b061-5b4d1cbae0dc
32a0ca9f-0e5a-4964-b29a-621693cd4e0d,Axel Witsel,GER,Dortmund,2024-08-30,2025-01-26,SEVERE,21ac5ab8-467f-457a-b09d-e38c0153acba
32a0ca9f-0e5a-4964-b29a-621693cd4e0d,Axel Witsel,ESP,Atlético Madrid,2024-08-30,2025-01-26,SEVERE,21ac5ab8-467f-457a-b09d-e38c0153acba
32a0ca9f-0e5a-4964-b29a-621693cd4e0d,Axel Witsel,ESP,Girona,2024-08-30,2025-01-26,SEVERE,21ac5ab8-467f-457a-b09d-e38c0153acba
cc44eb10-90f4-42ba-ac9a-69f7b623cfbf,Aymeric Laporte,ESP,Athletic Club,2019-08-30,2020-01-28,SEVERE,035321b8-33ed-4e05-ac81-a10dfba7a309
cc44eb10-90f4-42ba-ac9a-69f7b623cfbf,Aymeric Laporte,ENG,Manchester City,2019-08-30,2020-01-28,SEVERE,035321b8-33ed-4e05-ac81-a10dfba7a309
cc44eb10-90f4-42ba-ac9a-69f7b623cfbf,Aymeric Laporte,ESP,Athletic Club,2022-08-30,2023-01-18,SEVERE,e87f9a69-8d84-4cfe-95e8-9423af58a4a1
cc44eb10-90f4-42ba-ac9a-69f7b623cfbf,Aymeric Laporte,ENG,Manchester City,2022-08-30,2023-01-18,SEVERE,e87f9a69-8d84-4cfe-95e8-9423af58a4a1
d923279b-6808-4388-af94-fb2626a4ca65,Bartosz Bereszyński,ITA,Sampdoria,2022-08-30,2023-01-11,SEVERE,15547109-4205-48cd-b484-757007283d7d
5d8efe48-6273-49f8-9891-8fe684b71c7f,Ben Chilwell,ENG,Leicester City,2021-08-30,2022-01-11,SEVERE,8b1ee2b6-6919-4aae-b2b1-d09cd6e30309
5d8efe48-6273-49f8-9891-8fe684b71c7f,Ben Chilwell,ENG,Chelsea,2021-08-30,2022-01-11,SEVERE,8b1ee2b6-6919-4aae-b2b1-d09cd6e30309
aa6e33cd-e231-4f39-b3ee-e58875e2483a,Ben White,ENG,Arsenal,2024-08-30,2025-01-15,SEVERE,97896442-b87b-4fc7-b9de-fbb6e18b5c39
aa6e33cd-e231-4f39-b3ee-e58875e2483a,Ben White,ENG,Brighton,2024-08-30,2025-01-15,SEVERE,97896442-b87b-4fc7-b9de-fbb6e18b5c39
d91bf81b-1147-4114-9877-a9dd2f36a124,Benjamin Bourigeaud,FRA,Rennes,2024-08-30,2025-02-25,SEVERE,74aef30a-4a23-4125-9e4d-ea18efe33153
8e2c6c85-8559-43ca-ad1d-08310074828e,Benjamin Henrichs,GER,Leverkusen,2024-08-30,2024-12-30,SEVERE,2a5aba22-d36e-4004-a31a-193d163d51af
8e2c6c85-8559-43ca-ad1d-08310074828e,Benjamin Henrichs,GER,RB Leipzig,2024-08-30,2024-12-30,SEVERE,2a5aba22-d36e-4004-a31a-193d163d51af
b1a404c2-0e84-4c05-8634-7389f03f7993,Benjamin Hübner,GER,Hoffenheim,2018-08-30,2018-12-23,SEVERE,dacba3ac-f3d2-4dad-81c1-a301e4c20508
2b16f1bc-9c34-423f-ab67-1965ffda0593,Bertrand Traoré,ENG,Aston Villa,2021-08-30,2022-02-08,SEVERE,a6ab3f23-d125-4c78-922f-516adf11ad57
2b16f1bc-9c34-423f-ab67-1965ffda0593,Bertrand Traoré,FRA,Lyon,2021-08-30,2022-02-08,SEVERE,a6ab3f23-d125-4c78-922f-516adf11ad57
ff7822a8-9505-4547-96bd-0414488e97c1,Borja Iglesias,ESP,Espanyol,2023-08-30,2024-01-28,SEVERE,7c4be5c0-8daa-4eed-aa75-9c8a2d143614
ff7822a8-9505-4547-96bd-0414488e97c1,Borja Iglesias,ESP,Real Betis,2023-08-30,2024-01-28,SEVERE,7c4be5c0-8daa-4eed-aa75-9c8a2d143614
62fa309c-6d71-4af7-a30f-425315d138e4,Bradley Locko,FRA,Brest,2024-08-30,2025-02-25,SEVERE,2414e248-a963-4923-93bb-3cba508c98c5
4de12acd-c0d0-4755-8ffa-ee847642ea22,Caio Henrique,FRA,Monaco,2023-08-30,2024-02-21,SEVERE,a6ea804d-d2af-407f-a08d-9242aef25a39
dcaefddf-e57b-4b26-8916-3d678cda4a90,Caiuby,GER,Augsburg,2018-08-30,2019-01-19,SEVERE,1464f39d-19aa-40b9-b093-eff5a50a467a
e970a494-56d1-4d59-bc05-ef32bbfbe726,Cala,ESP,Cádiz,2021-08-30,2021-12-10,SEVERE,bcbcee24-b7c0-441d-afc2-35e8644bc5ff
61eabf91-580a-4929-ae33-aead182f4280,Carlos Vela,ESP,Real Sociedad,2017-08-30,2018-02-13,SEVERE,766b8ce4-623e-4707-b74e-2fadb5e63d19
34a2da7b-a842-4948-8292-c2b7ec46eaaf,Cheick Doucouré,ENG,Crystal Palace,2023-08-30,2024-01-19,SEVERE,3be72043-e710-4cda-83b0-1bec770bbfa3
34a2da7b-a842-4948-8292-c2b7ec46eaaf,Cheick Doucouré,FRA,Lens,2023-08-30,2024-01-19,SEVERE,3be72043-e710-4cda-83b0-1bec770bbfa3
46bf0842-6cfd-4b0c-9b11-4f1e427c336e,Chris Smalling,ENG,Manchester Utd,2020-08-30,2020-12-20,SEVERE,1db1ee68-c658-4bde-876a-4cffbe92883a
46bf0842-6cfd-4b0c-9b11-4f1e427c336e,Chris Smalling,ITA,Roma,2020-08-30,2020-12-20,SEVERE,1db1ee68-c658-4bde-876a-4cffbe92883a
46bf0842-6cfd-4b0c-9b11-4f1e427c336e,Chris Smalling,ENG,Manchester Utd,2023-08-30,2024-02-25,SEVERE,e2d053c7-54ee-4be7-8d65-aa3d557547ef
46bf0842-6cfd-4b0c-9b11-4f1e427c336e,Chris Smalling,ITA,Roma,2023-08-30,2024-02-25,SEVERE,e2d053c7-54ee-4be7-8d65-aa3d557547ef
8adc1dcd-099d-4ba8-9eb3-3ad120b2fa3f,Christantus Uche,ESP,Getafe,2025-08-30,2026-02-17,SEVERE,af4f83f7-5ca1-4464-9ec2-708d1e315249
4c65a579-4d7f-4a94-ae11-7cb52e34fa06,Christian Benteke,ENG,Crystal Palace,2018-08-30,2018-12-17,SEVERE,6908365a-5797-4cd0-bb1d-7209a7d7bb76
70283529-f081-4b78-a7c1-c4afe99e71f6,Christian Eriksen,ENG,Tottenham,2019-08-30,2020-01-06,SEVERE,744571e4-5486-452e-9198-ae43e70465cf
70283529-f081-4b78-a7c1-c4afe99e71f6,Christian Eriksen,GER,Wolfsburg,2019-08-30,2020-01-06,SEVERE,744571e4-5486-452e-9198-ae43e70465cf
65f30b4d-3f0a-4324-8c89-e6321adf03b3,Christian Gentner,GER,Stuttgart,2020-08-30,2020-12-16,SEVERE,9268c36a-c415-4f5f-84e3-aafb988539e4
65f30b4d-3f0a-4324-8c89-e6321adf03b3,Christian Gentner,GER,Union Berlin,2020-08-30,2020-12-16,SEVERE,9268c36a-c415-4f5f-84e3-aafb988539e4
f5dd9f13-ee39-4b4b-b3d1-ba913f730422,Christian Günter,GER,Freiburg,2023-08-30,2024-01-07,SEVERE,a29620c8-c1cd-48dc-9434-7e770292e93e
22da5f9c-0776-41c9-9081-1e07cbce2fc3,Christian Pulisic,GER,Dortmund,2018-08-30,2018-12-13,SEVERE,25ad825e-7c95-46d0-b9d6-c4fd57e0f0e7
22da5f9c-0776-41c9-9081-1e07cbce2fc3,Christian Pulisic,ITA,Milan,2018-08-30,2018-12-13,SEVERE,25ad825e-7c95-46d0-b9d6-c4fd57e0f0e7
15e5519c-b5bc-4f06-bb8c-15796a147928,Christoph Kramer,GER,Gladbach,2023-08-30,2024-01-29,SEVERE,613c3452-308a-450b-a6e3-b8644134a92b
e5a1916b-52f8-43c7-b434-3c79ee68cf7d,Christophe Hérelle,FRA,Nice,2019-08-30,2020-01-18,SEVERE,d6279876-6b8e-4bea-9dcd-4b7f3874ac96
e5a1916b-52f8-43c7-b434-3c79ee68cf7d,Christophe Hérelle,FRA,Troyes,2019-08-30,2020-01-18,SEVERE,d6279876-6b8e-4bea-9dcd-4b7f3874ac96
f1b983c1-1bb8-4a88-ae4a-49f357ca01d0,Claudio Yacob,ENG,West Brom,2017-08-30,2017-12-24,SEVERE,79fc7dc5-3410-4450-9ff4-ef272824024c
e3bd26ce-57c5-43ae-8f78-8cbf1c309294,Clément Grenier,FRA,Rennes,2019-08-30,2020-01-18,SEVERE,08649ad6-42a5-4272-b267-cd999c04a11f
c4d3cf5f-91d2-4a67-8009-12fe3323edde,Clément Lenglet,ESP,Sevilla,2021-08-30,2022-01-04,SEVERE,796173a8-b46d-4574-87e1-5804ca23c1d1
c4d3cf5f-91d2-4a67-8009-12fe3323edde,Clément Lenglet,ESP,Barcelona,2021-08-30,2022-01-04,SEVERE,796173a8-b46d-4574-87e1-5804ca23c1d1
d4ab9ba6-44dc-43d6-a7c0-32374988ee28,Craig Dawson,ENG,Watford,2024-08-30,2024-12-03,SEVERE,03e89073-95f0-47cd-85c1-642237c1c2a8
d4ab9ba6-44dc-43d6-a7c0-32374988ee28,Craig Dawson,ENG,Wolves,2024-08-30,2024-12-03,SEVERE,03e89073-95f0-47cd-85c1-642237c1c2a8
d4ab9ba6-44dc-43d6-a7c0-32374988ee28,Craig Dawson,ENG,West Ham,2024-08-30,2024-12-03,SEVERE,03e89073-95f0-47cd-85c1-642237c1c2a8
d4ab9ba6-44dc-43d6-a7c0-32374988ee28,Craig Dawson,ENG,West Brom,2024-08-30,2024-12-03,SEVERE,03e89073-95f0-47cd-85c1-642237c1c2a8
a32222ad-71f1-481c-938c-b0999022cb48,Cristiano Ronaldo,ITA,Juventus,2022-08-30,2023-01-26,SEVERE,9298ef95-d8ec-4931-8bb0-c90168a16cbe
a32222ad-71f1-481c-938c-b0999022cb48,Cristiano Ronaldo,ENG,Manchester Utd,2022-08-30,2023-01-26,SEVERE,9298ef95-d8ec-4931-8bb0-c90168a16cbe
a32222ad-71f1-481c-938c-b0999022cb48,Cristiano Ronaldo,ESP,Real Madrid,2022-08-30,2023-01-26,SEVERE,9298ef95-d8ec-4931-8bb0-c90168a16cbe
9f1385ed-049e-41fe-a6ce-ca301127afff,Cédric Varrault,FRA,Dijon,2017-08-30,2018-01-24,SEVERE,05e8319a-ad1c-4e89-bb45-2762087197b1
fe18e497-c6b1-4335-8002-97d095bd7054,Dani Carvajal,ESP,Real Madrid,2020-08-30,2021-01-15,SEVERE,3b582b2c-2678-4dad-b8b6-2124229edf02
779af0dd-d8d3-4e61-9bd8-f693a64e46ae,Daniel James,ENG,Leeds United,2020-08-30,2020-12-14,SEVERE,f41e5049-ef42-454d-ac65-019c514f99bc
779af0dd-d8d3-4e61-9bd8-f693a64e46ae,Daniel James,ENG,Manchester Utd,2020-08-30,2020-12-14,SEVERE,f41e5049-ef42-454d-ac65-019c514f99bc
779af0dd-d8d3-4e61-9bd8-f693a64e46ae,Daniel James,ENG,Leeds United,2022-08-30,2023-02-13,SEVERE,7ab36a96-baad-444c-85d1-de5de89268c3
779af0dd-d8d3-4e61-9bd8-f693a64e46ae,Daniel James,ENG,Manchester Utd,2022-08-30,2023-02-13,SEVERE,7ab36a96-baad-444c-85d1-de5de89268c3
084b3b76-ef23-46c3-a4d9-a62d026a3a0c,Danilo,ITA,Juventus,2024-08-30,2025-01-21,SEVERE,2bfefce5-10e1-4b5d-b666-df55f7b6f8e9
936a7d8e-7c68-4ea9-a602-52b229304a08,Danny Simpson,ENG,Leicester City,2018-08-30,2019-02-01,SEVERE,9541dde6-aa68-46d1-be72-58e85f9a0613
418b8e91-9067-4df7-b234-dfac5bf5ca79,Darko Brašanac,ESP,Osasuna,2020-08-30,2020-12-10,SEVERE,71b6974d-bb37-4082-adba-efea0a71ac6a
418b8e91-9067-4df7-b234-dfac5bf5ca79,Darko Brašanac,ESP,Osasuna,2022-08-30,2022-12-13,SEVERE,0650107e-808f-4307-a260-96fa26d0cf08
03e08879-5839-4efe-8e47-5c4ea5c892e7,David Brooks,ENG,Bournemouth,2019-08-30,2020-01-12,SEVERE,fa62d1f5-c33b-4e83-9872-b638b3980f3d
ec04b1e6-7c8d-4cc4-baf7-22233ec68a7c,David Luiz,ENG,Chelsea,2017-08-30,2018-02-09,SEVERE,c938326e-2e0c-4154-b129-bda07b616971
ec04b1e6-7c8d-4cc4-baf7-22233ec68a7c,David Luiz,ENG,Arsenal,2017-08-30,2018-02-09,SEVERE,c938326e-2e0c-4154-b129-bda07b616971
3e1d9967-f30c-4818-9fde-e34087fd54fc,David López,ESP,Girona,2025-08-30,2026-02-11,SEVERE,8312ab0a-e512-40fb-a324-d3b62f5dafe6
3e1d9967-f30c-4818-9fde-e34087fd54fc,David López,ESP,Espanyol,2025-08-30,2026-02-11,SEVERE,8312ab0a-e512-40fb-a324-d3b62f5dafe6
9a5d6d96-2de8-4dd6-86a5-ee09dcae4029,Davy Klaassen,GER,Werder Bremen,2020-08-30,2021-02-25,SEVERE,2915af61-9819-4b63-8942-2a9c0e7459cd
f12ec0e3-8723-4788-a3a6-6c5af0a96f18,Davy Pröpper,ENG,Brighton,2020-08-30,2021-02-25,SEVERE,69d523c7-1ae5-46b2-82dc-d2ff8ffbbb16
944ad52a-fdf7-4ead-b81c-22b889b4eae0,DeAndre Yedlin,ENG,Newcastle,2019-08-30,2019-12-26,SEVERE,7c48572f-492f-4e80-8af5-c9f8fbbd671b
98d46c5d-737e-4141-aff4-f6ef4c945132,Diego Godín,ESP,Atlético Madrid,2021-08-30,2022-01-07,SEVERE,7be60fb0-eeeb-42d6-9906-a6e4101bfb68
98d46c5d-737e-4141-aff4-f6ef4c945132,Diego Godín,ITA,Cagliari,2021-08-30,2022-01-07,SEVERE,7be60fb0-eeeb-42d6-9906-a6e4101bfb68
e2a2644c-175f-47a4-a29f-3c1d23853793,Diego Llorente,ESP,Real Sociedad,2022-08-30,2023-01-07,SEVERE,d97940e6-9ba6-43e9-af33-98e727e41e3b
e2a2644c-175f-47a4-a29f-3c1d23853793,Diego Llorente,ENG,Leeds United,2022-08-30,2023-01-07,SEVERE,d97940e6-9ba6-43e9-af33-98e727e41e3b
e2a2644c-175f-47a4-a29f-3c1d23853793,Diego Llorente,ESP,Real Betis,2022-08-30,2023-01-07,SEVERE,d97940e6-9ba6-43e9-af33-98e727e41e3b
535c66d5-078f-46bc-be2f-4b290aa078b4,Dimitri Payet,FRA,Marseille,2022-08-30,2023-01-12,SEVERE,109395e8-6ec8-42ac-ae1a-0e67a256bedf
139bd359-7796-4115-8297-521a3dc0d78b,Dodi Lukebakio,GER,Hertha BSC,2025-08-30,2026-02-25,SEVERE,e7484798-7a1a-4eb7-bb8b-d901cfe8b971
139bd359-7796-4115-8297-521a3dc0d78b,Dodi Lukebakio,ESP,Sevilla,2025-08-30,2026-02-25,SEVERE,e7484798-7a1a-4eb7-bb8b-d901cfe8b971
7b401af2-3f34-4ec6-bd9c-26c234e53dd9,Dodô,ITA,Fiorentina,2023-08-30,2024-01-16,SEVERE,1087cd2a-5131-484c-96f2-48e52e96c9b5
d6550a8f-424b-47f5-b9e0-ed563b1469a7,Domenico Maietta,ITA,Bologna,2017-08-30,2018-01-24,SEVERE,b024f614-6feb-460c-966f-1974cdb9d9f5
6b90b1cc-0a48-4665-91eb-31bb5dbac583,Domingos Duarte,ESP,Granada,2023-08-30,2024-01-12,SEVERE,f55bc274-7c3e-4cdb-be24-0f541a41f535
6b90b1cc-0a48-4665-91eb-31bb5dbac583,Domingos Duarte,ESP,Getafe,2023-08-30,2024-01-12,SEVERE,f55bc274-7c3e-4cdb-be24-0f541a41f535
d8d8ab5c-2309-4d8d-ba8f-98bff9867ca0,Duván Zapata,ITA,Torino,2024-08-30,2025-02-23,SEVERE,40f49132-9652-4d5a-b25c-0b461680bad3
d8d8ab5c-2309-4d8d-ba8f-98bff9867ca0,Duván Zapata,ITA,Udinese,2024-08-30,2025-02-23,SEVERE,40f49132-9652-4d5a-b25c-0b461680bad3
d8d8ab5c-2309-4d8d-ba8f-98bff9867ca0,Duván Zapata,ITA,Atalanta,2024-08-30,2025-02-23,SEVERE,40f49132-9652-4d5a-b25c-0b461680bad3
c34cf395-57d7-45b7-91b1-53b00b986fa7,Eberechi Eze,ENG,Crystal Palace,2021-08-30,2022-01-27,SEVERE,ccc70ae3-010a-49e2-84e0-6df397aa1c2d
c82a2bcc-3fc5-48a2-b84f-fae550ea0ddf,Edgar Ié,FRA,Lille,2018-08-30,2019-02-25,SEVERE,0d5148f7-3b59-48a9-8cf0-056e67a09eb3
83531960-7b8a-4980-8611-d5a6e9902a47,Edoardo Goldaniga,ITA,Frosinone,2025-08-30,2026-02-25,SEVERE,054c6da3-9a29-4455-a029-c39cb74f8958
83531960-7b8a-4980-8611-d5a6e9902a47,Edoardo Goldaniga,ITA,Como,2025-08-30,2026-02-25,SEVERE,054c6da3-9a29-4455-a029-c39cb74f8958
83531960-7b8a-4980-8611-d5a6e9902a47,Edoardo Goldaniga,ITA,Palermo,2025-08-30,2026-02-25,SEVERE,054c6da3-9a29-4455-a029-c39cb74f8958
87efea7c-b091-433f-8456-56925842534c,Edon Zhegrova,FRA,Lille,2024-08-30,2024-12-08,SEVERE,efdd2af5-3256-48cb-9cf5-f2f656711445
b76ea13b-304d-4ed1-9211-6720a70657b1,Enes Ünal,ESP,Valladolid,2023-08-30,2024-02-25,SEVERE,f781106e-36d9-4904-afdf-5da2b1becd69
b76ea13b-304d-4ed1-9211-6720a70657b1,Enes Ünal,ESP,Getafe,2023-08-30,2024-02-25,SEVERE,f781106e-36d9-4904-afdf-5da2b1becd69
ac88efcf-b45a-424b-aa5e-6feeb08fb1b9,Erhan Mašović,GER,Bochum,2024-08-30,2024-12-08,SEVERE,685d15fc-d969-4f97-a4f7-4cf4ff1c36fb
394df720-e2f1-4382-8cb1-1ad88805cbfa,Etienne Youte Kinkoue,FRA,Le Havre,2025-08-30,2026-01-23,SEVERE,4a411d40-a20a-4ecf-a258-11e7c85a4cb5
8ac0424b-8783-431f-b5c6-0616bfd7ae35,Fabio Pisacane,ITA,Cagliari,2020-08-30,2021-02-17,SEVERE,1a240514-ca53-403e-9803-c65ed787ce83
3cb780ad-fb76-497b-b725-318f391a1b72,Fabrizio Cacciatore,ITA,Chievo,2018-08-30,2019-02-25,SEVERE,07bd9d14-c4ef-4382-bbca-5546f9fb7ee0
709985b6-094c-475f-9603-0bf0b3f05d62,Faouzi Ghoulam,ITA,Napoli,2017-08-30,2017-12-15,SEVERE,79b8b855-b6fa-46e8-9461-e1be9a0c44bf
6872ff95-3786-4fc2-b537-f724b89eecb4,Federico Chiesa,ITA,Fiorentina,2021-08-30,2021-12-11,SEVERE,539d9f21-f6a0-44ba-9a93-b5340f2453a7
6872ff95-3786-4fc2-b537-f724b89eecb4,Federico Chiesa,ITA,Juventus,2021-08-30,2021-12-11,SEVERE,539d9f21-f6a0-44ba-9a93-b5340f2453a7
32ca8321-8c7d-4ed1-acf2-312d61372827,Felipe Anderson,ITA,Lazio,2017-08-30,2018-01-11,SEVERE,9e24f783-3718-4bde-b753-4dadf56d874d
32ca8321-8c7d-4ed1-acf2-312d61372827,Felipe Anderson,ENG,West Ham,2017-08-30,2018-01-11,SEVERE,9e24f783-3718-4bde-b753-4dadf56d874d
6d5ba738-893a-4309-a3dd-66e76fb36f91,Felipe dal Belo,ITA,SPAL,2019-08-30,2019-12-13,SEVERE,152eceaa-c8d0-464e-92d3-56afb2002219
6d5ba738-893a-4309-a3dd-66e76fb36f91,Felipe dal Belo,ITA,Udinese,2019-08-30,2019-12-13,SEVERE,152eceaa-c8d0-464e-92d3-56afb2002219
6d640f71-d2b7-40ae-af7d-d29020ba1267,Florent Hanin,FRA,Angers,2025-08-30,2026-01-16,SEVERE,00fabdb2-7351-49cd-b5ae-44b9d9d64514
3b1b4d2b-84bd-4dab-82f6-433b0ac85312,Florian Niederlechner,GER,Freiburg,2017-08-30,2018-01-09,SEVERE,8fcace1f-395f-4bb2-ab68-23337d536004
3b1b4d2b-84bd-4dab-82f6-433b0ac85312,Florian Niederlechner,GER,Augsburg,2017-08-30,2018-01-09,SEVERE,8fcace1f-395f-4bb2-ab68-23337d536004
96c65eff-4ca8-4071-ad6e-f7ca0005ff05,Florian Tardieu,FRA,Troyes,2022-08-30,2023-01-02,SEVERE,9ea3b5ae-2654-4a59-aa27-add009f5f479
3ce34b0d-c23c-4013-8dd8-3830142dabdc,Florian Thauvin,FRA,Marseille,2019-08-30,2020-02-25,SEVERE,afdf7883-bb75-4d1a-bc1e-eb078763effa
3ce34b0d-c23c-4013-8dd8-3830142dabdc,Florian Thauvin,FRA,Lens,2019-08-30,2020-02-25,SEVERE,afdf7883-bb75-4d1a-bc1e-eb078763effa
d14afd33-fe94-4a8a-bb0c-43a46952a2be,François Kamano,FRA,Bordeaux,2019-08-30,2020-01-24,SEVERE,acea25c8-2d4b-473f-a0c5-089d26d2adda
aafb0e9f-1b29-4fe1-8849-af0ddb45db30,Gabriel Veiga,ESP,Celta Vigo,2023-08-30,2024-02-22,SEVERE,c18c3501-17a5-4b1b-bcc0-8dc5060c1336
a8e2f6cd-e91f-47f3-87d4-18449caf4485,Gareth McAuley,ENG,West Brom,2017-08-30,2018-02-25,SEVERE,460e676a-5f8d-45de-8492-c22b7ec804c1
56d00726-4b4c-4511-b5d5-7529e782fd18,Gavi,ESP,Barcelona,2023-08-30,2023-12-30,SEVERE,a4f5f336-28c5-4bff-b89a-a3b259ec0e05
967ebb9a-895a-429d-815a-88e87c030a50,Gelson Fernandes,GER,Frankfurt,2019-08-30,2019-12-19,SEVERE,42064e35-451a-4a20-858b-abb8af90f4d4
58e7cf7b-9c8d-4f19-8671-1344d3c975b7,Georges Mandjeck,FRA,Metz,2017-08-30,2017-12-13,SEVERE,755cd3c4-7b51-4445-a5ba-d02a672877e6
5211e08b-1933-404a-9ac1-aeb7aacb6f6a,Gerard Moreno,ESP,Espanyol,2021-08-30,2021-12-22,SEVERE,38592bbc-41e5-4ca6-bf40-d7448041f289
5211e08b-1933-404a-9ac1-aeb7aacb6f6a,Gerard Moreno,ESP,Villarreal,2021-08-30,2021-12-22,SEVERE,38592bbc-41e5-4ca6-bf40-d7448041f289
5211e08b-1933-404a-9ac1-aeb7aacb6f6a,Gerard Moreno,ESP,Espanyol,2024-08-30,2024-12-23,SEVERE,6d6a0f43-8a87-47f9-9393-c66344608d88
5211e08b-1933-404a-9ac1-aeb7aacb6f6a,Gerard Moreno,ESP,Villarreal,2024-08-30,2024-12-23,SEVERE,6d6a0f43-8a87-47f9-9393-c66344608d88
9097b1c3-8cb5-44be-b715-c3a08dc7b06d,Gerson,ITA,Fiorentina,2022-08-30,2023-02-10,SEVERE,64f43a4f-8806-4398-ab88-92c0f9242868
9097b1c3-8cb5-44be-b715-c3a08dc7b06d,Gerson,FRA,Marseille,2022-08-30,2023-02-10,SEVERE,64f43a4f-8806-4398-ab88-92c0f9242868
bfa8d9ff-1fb0-4c0a-a278-b30a2fcf5540,Giacomo Bonaventura,ITA,Milan,2018-08-30,2019-01-23,SEVERE,db2f13ba-7552-4f54-a5dd-1849d38455c6
bfa8d9ff-1fb0-4c0a-a278-b30a2fcf5540,Giacomo Bonaventura,ITA,Fiorentina,2018-08-30,2019-01-23,SEVERE,db2f13ba-7552-4f54-a5dd-1849d38455c6
48be95dc-2803-400e-932e-8f7b5c54e465,Giangiacomo Magnani,ITA,Hellas Verona,2024-08-30,2024-12-14,SEVERE,5632fd4b-af68-4db3-bb43-8645b64d23fe
094d0bc9-1c58-4105-8361-e5b2ee4b0b4a,Gianluca Caprari,ITA,Monza,2023-08-30,2024-02-12,SEVERE,a785855d-8b58-45ee-98fd-795cdfba02b2
094d0bc9-1c58-4105-8361-e5b2ee4b0b4a,Gianluca Caprari,ITA,Hellas Verona,2023-08-30,2024-02-12,SEVERE,a785855d-8b58-45ee-98fd-795cdfba02b2
094d0bc9-1c58-4105-8361-e5b2ee4b0b4a,Gianluca Caprari,ITA,Pescara,2023-08-30,2024-02-12,SEVERE,a785855d-8b58-45ee-98fd-795cdfba02b2
594b582c-ff3c-4920-8211-5a095553984a,Giorgio Scalvini,ITA,Atalanta,2024-08-30,2025-02-21,SEVERE,06297bbc-6a53-41f3-8a06-f891a34ae0b0
91db7e0d-5ba7-43e9-aa29-f064a1d7aa77,Giulio Donati,GER,Mainz 05,2018-08-30,2019-01-05,SEVERE,d440eef6-fb69-452d-b9d9-34e0d319d4a0
c5b946cd-7fdf-44f9-849f-75e646e5d83d,Gleison Bremer,ITA,Juventus,2024-08-30,2025-02-25,SEVERE,928a0645-ca24-41ba-839c-a2a9f0b9f8cf
c5b946cd-7fdf-44f9-849f-75e646e5d83d,Gleison Bremer,ITA,Torino,2024-08-30,2025-02-25,SEVERE,928a0645-ca24-41ba-839c-a2a9f0b9f8cf
142fc6a8-bf42-436c-9919-487faf42952e,Glenn Murray,ENG,Brighton,2019-08-30,2020-01-09,SEVERE,cffdb98e-e3fd-486a-9541-65ab2b7defcc
066abeaf-37da-4836-b743-76b23c5cdb86,Guillaume Gillet,FRA,Nantes,2017-08-30,2018-02-25,SEVERE,b658f10f-71e2-482c-9a11-b41e986df091
baa7648c-856f-4f58-93b2-7b473d9392c3,Gédéon Kalulu,FRA,Lorient,2023-08-30,2023-12-21,SEVERE,5c02f98b-28bd-40b4-967a-dac483a2a3f4
a9cc3ea8-6c9c-4756-981d-b4c2f3660b77,Hamari Traoré,ESP,Real Sociedad,2024-08-30,2024-12-30,SEVERE,46d8f6aa-b326-458e-8902-4e71ed629e7b
a9cc3ea8-6c9c-4756-981d-b4c2f3660b77,Hamari Traoré,FRA,Rennes,2024-08-30,2024-12-30,SEVERE,46d8f6aa-b326-458e-8902-4e71ed629e7b
5fd738c6-79f0-4fed-a43c-2fef49d6cc81,Harry Arter,ENG,Bournemouth,2017-08-30,2018-01-31,SEVERE,7ae13252-e6aa-45ff-993d-c302fd38c96d
d329efcd-bc66-41a3-ac1f-c82b9008f9f2,Harry Maguire,ENG,Leicester City,2022-08-30,2023-01-11,SEVERE,7486fb23-cd93-4186-8d08-31aa1c83f260
d329efcd-bc66-41a3-ac1f-c82b9008f9f2,Harry Maguire,ENG,Manchester Utd,2022-08-30,2023-01-11,SEVERE,7486fb23-cd93-4186-8d08-31aa1c83f260
d329efcd-bc66-41a3-ac1f-c82b9008f9f2,Harry Maguire,ENG,Hull City,2022-08-30,2023-01-11,SEVERE,7486fb23-cd93-4186-8d08-31aa1c83f260
ffb7079e-46a1-42d2-bbce-f075486562d2,Harry Winks,ENG,Tottenham,2020-08-30,2020-12-12,SEVERE,3602f362-1dec-47f9-8ab3-aef754ccec42
5539dce6-cb93-4fcb-aded-6ca68c69cfc8,Himad Abdelli,FRA,Angers,2025-08-30,2026-01-23,SEVERE,652168f5-47d0-40a4-8b78-e74a47accd30
33698e44-71ad-47a8-bd54-ef3f735a324a,Houssem Aouar,FRA,Lyon,2022-08-30,2023-01-29,SEVERE,1b211006-41ca-4892-8b5b-6b6afb9b1fbd
0968e6f5-9bfb-4d10-8958-fd37df455a2d,Ibrahima Konaté,ENG,Liverpool,2019-08-30,2020-01-20,SEVERE,960d8594-d00d-4bbe-8778-8262c5a72554
0968e6f5-9bfb-4d10-8958-fd37df455a2d,Ibrahima Konaté,GER,RB Leipzig,2019-08-30,2020-01-20,SEVERE,960d8594-d00d-4bbe-8778-8262c5a72554
1dce1cc9-7afe-450b-ae90-0f2417447283,Iker Muniain,ESP,Athletic Club,2017-08-30,2018-01-02,SEVERE,5f7ba744-eb9f-4217-9d1d-af4715db7c8b
2ed30033-7671-485b-ab45-f1c188ff0b0e,Ismaily,FRA,Lille,2024-08-30,2024-12-28,SEVERE,f368519a-4ecd-4dfa-aacb-5e54d059449c
878e201a-ce08-4be7-984a-01a36ec23015,Iván Balliu,FRA,Metz,2024-08-30,2025-01-06,SEVERE,fc634cd0-9717-446f-9ce6-35cf5dfbb331
878e201a-ce08-4be7-984a-01a36ec23015,Iván Balliu,ESP,Rayo Vallecano,2024-08-30,2025-01-06,SEVERE,fc634cd0-9717-446f-9ce6-35cf5dfbb331
bbf5293a-07c4-4ad0-bf36-646d74681d87,Iván Marcone,ESP,Elche,2021-08-30,2022-01-18,SEVERE,28567cf8-d6c3-4958-b667-dea73d572b8e
6904b6b1-7ca6-4f61-be23-2916411672c0,Jack O'Connell,ENG,Sheffield United,2020-08-30,2021-02-25,SEVERE,c147855e-c6f7-4f22-8db9-4209c122e7c8
64bca991-4074-4ab7-8daa-7e95f3048d3a,Jacob Ramsey,ENG,Aston Villa,2023-08-30,2024-01-14,SEVERE,864b87e3-b038-45fe-b39e-96f620ec3f3a
d7d613c4-45c4-4f6b-8f50-a4ae605edba9,James Ward-Prowse,ENG,Southampton,2024-08-30,2025-01-28,SEVERE,9f3e6c60-d212-4a59-92ca-bd4a699b235c
d7d613c4-45c4-4f6b-8f50-a4ae605edba9,James Ward-Prowse,ENG,West Ham,2024-08-30,2025-01-28,SEVERE,9f3e6c60-d212-4a59-92ca-bd4a699b235c
65e20f30-9f9b-452b-94ab-860ea411a23e,Jaroslav Plašil,FRA,Bordeaux,2017-08-30,2017-12-12,SEVERE,aa7c6684-4de5-47db-ab39-4b9fd98ae179
2018689f-2ba4-4200-a4a6-591d555182f0,Jason Denayer,FRA,Lyon,2021-08-30,2022-01-01,SEVERE,a06bab80-bed5-46a7-89b2-218bcf902e7a
964719aa-e364-4986-833d-dc77e3da4c99,Jason Puncheon,ENG,Crystal Palace,2017-08-30,2018-02-25,SEVERE,e2223124-54c4-440f-95c8-f4a68bf7ad2f
144359a4-df0c-474d-807f-ea2c9b036be8,Javi García,ESP,Real Betis,2018-08-30,2019-01-22,SEVERE,25b5dafb-9ea2-4a24-a13f-5babf5f3ef9f
b62e9a62-0be9-41ce-80ab-74fda82b6701,Javi Moyano,ESP,Valladolid,2020-08-30,2021-02-10,SEVERE,a0ca63da-4429-491e-b4a5-c16c90a593f7
e57ee607-1d73-40c6-a3d7-d929b92bc479,Javi Puado,ESP,Espanyol,2025-08-30,2026-02-23,SEVERE,2661778b-a55a-4b13-ac26-2819aa4d1a5b
c08dd96e-c4d0-4ca1-beb7-b0a1daee0fdb,Javier Eraso,ESP,Leganés,2018-08-30,2019-01-23,SEVERE,3764e4fe-94b4-40d4-84e3-2801ef04c95d
4d3b094e-56f0-41e4-9913-de48e71b86dc,Jean-Philippe Mateta,GER,Mainz 05,2019-08-30,2019-12-18,SEVERE,a285f851-478b-417a-8132-c7336cd8f6a0
4d3b094e-56f0-41e4-9913-de48e71b86dc,Jean-Philippe Mateta,ENG,Crystal Palace,2019-08-30,2019-12-18,SEVERE,a285f851-478b-417a-8132-c7336cd8f6a0
a1d68488-0b87-4099-ba99-1c9c3b52e23c,Jeff Reine-Adélaïde,FRA,Angers,2019-08-30,2020-02-25,SEVERE,082b9ee9-d1dc-4b5c-9bee-e8ccdc073b7a
7794b7ac-9ae7-46e0-8767-aa956cd1cc26,Jeffrey Gouweleeuw,GER,Augsburg,2025-08-30,2026-02-08,SEVERE,ec9dabc5-2810-4a8d-a463-b44b7548fd1e
a21758f3-f59c-4e26-b9cb-1217ed749f23,Jeison Murillo,ESP,Celta Vigo,2021-08-30,2021-12-30,SEVERE,9fce0367-dc91-42ac-a6e7-7cbd78704e89
2244d78e-4eb2-4d88-aa0f-100a58b3ac34,Jens Stryger Larsen,ITA,Udinese,2021-08-30,2022-01-27,SEVERE,e6f18b26-83a4-41d7-8eb9-86d38d1a3395
3fd0cc22-7af7-4651-8c58-56856a662fcb,Jeremy Doku,FRA,Rennes,2021-08-30,2022-01-19,SEVERE,6c15302d-e2ab-40b0-aa51-82adaa6bc826
ed346200-b719-458c-a851-bdd02025ad56,Jerry St. Juste,GER,Mainz 05,2021-08-30,2022-02-22,SEVERE,7c545aec-93f7-4256-b117-fe044dbf51f9
b5c7b68e-adbb-402a-b349-b98132d092ef,Ji Dong-won,GER,Augsburg,2017-08-30,2018-02-22,SEVERE,d20e5237-6ae0-498d-99b5-a096ea04bf25
e5ffcef0-a44c-4495-a49a-b062b710319d,Joe Willock,ENG,Newcastle,2023-08-30,2024-02-11,SEVERE,a3862098-4f66-46dd-a694-03b9f136e2c4
63011d54-dd3f-4f3e-9cda-fc1886557317,Joe Worrall,ENG,Nottingham,2023-08-30,2024-01-14,SEVERE,9c33ba04-3541-4cd4-96c8-22fc780f9218
623d42cd-4eab-49a4-9e2b-7875f7b959cd,Johan Mojica,ESP,Mallorca,2022-08-30,2023-02-25,SEVERE,b274b780-b70e-4d9d-a498-0447362dbdc5
623d42cd-4eab-49a4-9e2b-7875f7b959cd,Johan Mojica,ESP,Elche,2022-08-30,2023-02-25,SEVERE,b274b780-b70e-4d9d-a498-0447362dbdc5
dfb3369c-24ca-4dfa-bccc-57f1faaf6600,Jonas Hofmann,GER,Gladbach,2024-08-30,2025-01-19,SEVERE,bf5ec134-aa24-4902-bfb4-3e76a96f0d62
dfb3369c-24ca-4dfa-bccc-57f1faaf6600,Jonas Hofmann,GER,Leverkusen,2024-08-30,2025-01-19,SEVERE,bf5ec134-aa24-4902-bfb4-3e76a96f0d62
1f0375e0-d9a7-4e2c-a454-30de72aaf9ab,Jonathan Burkardt,GER,Mainz 05,2022-08-30,2023-02-06,SEVERE,6751e673-bbe9-4388-907e-1bdadf7574fa
72918112-d934-4972-893e-b1520b2b9db3,Jonathan Delaplace,FRA,Caen,2017-08-30,2018-02-04,SEVERE,fd53db92-0dd6-4af3-92ad-7e24edfdab62
f8d5f244-3eaf-42b3-bf20-9a3a6cf63954,Jonathan Schmid,GER,Augsburg,2021-08-30,2022-01-16,SEVERE,d0b0c973-96ea-4896-9049-5c88ddf1d9a5
f8d5f244-3eaf-42b3-bf20-9a3a6cf63954,Jonathan Schmid,GER,Freiburg,2021-08-30,2022-01-16,SEVERE,d0b0c973-96ea-4896-9049-5c88ddf1d9a5
4be24409-fc56-4401-9aca-e37c00630ba1,Jonjo Shelvey,ENG,Newcastle,2018-08-30,2018-12-09,SEVERE,19e86f57-38b8-40b4-9c97-d2f5262cfa5a
449382e3-3d2a-43fc-831b-ae13d586b2de,Jonny Castro,ESP,Celta Vigo,2020-08-30,2021-02-25,SEVERE,075f3fd6-8def-486a-aced-dcc9b6963a84
449382e3-3d2a-43fc-831b-ae13d586b2de,Jonny Castro,ENG,Wolves,2020-08-30,2021-02-25,SEVERE,075f3fd6-8def-486a-aced-dcc9b6963a84
449382e3-3d2a-43fc-831b-ae13d586b2de,Jonny Castro,ESP,Alavés,2020-08-30,2021-02-25,SEVERE,075f3fd6-8def-486a-aced-dcc9b6963a84
da86b72e-08d1-4900-9024-a24a15e3d719,Joseba Zaldúa,ESP,Real Sociedad,2020-08-30,2021-01-24,SEVERE,c2cdcd7a-6129-46f9-ab04-0de9c0d63254
da86b72e-08d1-4900-9024-a24a15e3d719,Joseba Zaldúa,ESP,Leganés,2020-08-30,2021-01-24,SEVERE,c2cdcd7a-6129-46f9-ab04-0de9c0d63254
5afaa437-7efb-4a4d-af96-d2255520fdec,Joseph Aidoo,ESP,Celta Vigo,2023-08-30,2024-02-25,SEVERE,db6ef05a-a28e-4cdb-9827-2b0cf62a0f82
e794107c-f7ac-40e1-8644-a7ab2729c177,José Campaña,ESP,Levante,2020-08-30,2021-02-25,SEVERE,09c32642-aeb6-4ddd-90c6-a41ef6560c14
ac3ee4e2-4022-4a4b-9691-01d10340e910,José Holebas,ENG,Watford,2019-08-30,2019-12-13,SEVERE,23b683c5-d58e-40b6-a53e-db0591286125
99b07611-fa5e-4f52-89a3-9360512bb4c2,José Luis Palomino,ITA,Atalanta,2022-08-30,2023-01-24,SEVERE,cd38f886-d4f7-4b5e-8dd0-cd03e71df52d
cc523083-2505-4f56-be21-e1aa20a57ca0,José Ángel,ESP,Eibar,2020-08-30,2020-12-20,SEVERE,d049a1f6-b546-4ef5-aed5-96763dead0ff
7f1681cc-a0a4-428d-9794-ab109cb5dab8,Joël Matip,ENG,Liverpool,2022-08-30,2023-01-08,SEVERE,03118a09-93af-4b06-ba15-4d4da489bb1b
75542e95-f6b9-4390-9f4f-0c5fe1b0034d,Julian Korb,GER,Hannover 96,2018-08-30,2018-12-10,SEVERE,2e6cfa50-3a67-4cbe-81e4-8fd3002c9bef
644ef39a-7a93-4f11-ab2f-be13e16c44f1,Justin Kluivert,ENG,Bournemouth,2025-08-30,2025-12-14,SEVERE,290a09c3-e980-4a1b-9c5f-89f07a300160
df1f9fb6-ac52-4ee9-a9c8-2ebfbebe1113,Jérémy Morel,FRA,Lyon,2018-08-30,2019-01-20,SEVERE,01a817ef-5e2b-4602-8f96-8095120fb080
df1f9fb6-ac52-4ee9-a9c8-2ebfbebe1113,Jérémy Morel,FRA,Lorient,2018-08-30,2019-01-20,SEVERE,01a817ef-5e2b-4602-8f96-8095120fb080
df1f9fb6-ac52-4ee9-a9c8-2ebfbebe1113,Jérémy Morel,FRA,Lorient,2021-08-30,2022-01-22,SEVERE,b95a6380-f173-4234-acea-e7bd1e58848c
df1f9fb6-ac52-4ee9-a9c8-2ebfbebe1113,Jérémy Morel,FRA,Lyon,2021-08-30,2022-01-22,SEVERE,b95a6380-f173-4234-acea-e7bd1e58848c
92caed50-c876-461b-9079-6564edb4679c,Kenny Tete,ENG,Fulham,2023-08-30,2024-01-08,SEVERE,eb47c775-264e-415b-8f51-ecadf8721b08
44e3ae94-2bb8-4496-a07d-8385521432cb,Kevin Akpoguma,GER,Hoffenheim,2025-08-30,2026-02-12,SEVERE,a92f0586-994a-42bb-9d96-0a5b6199e98a
0d21c54a-a6b6-4b8e-a836-67961644d8f5,Kevin Danso,FRA,Lens,2024-08-30,2024-12-29,SEVERE,702fa4fe-32ae-4a18-8904-e47c9827fdb7
81773b05-1b35-48b5-baeb-80431579d523,Kevin Volland,FRA,Monaco,2022-08-30,2023-01-15,SEVERE,4ecda3ea-78f4-4438-b91c-95ce1a6c2021
81773b05-1b35-48b5-baeb-80431579d523,Kevin Volland,GER,Leverkusen,2022-08-30,2023-01-15,SEVERE,4ecda3ea-78f4-4438-b91c-95ce1a6c2021
16ee50f4-f19f-485a-9a53-f660c21edd7b,Kiko Olivas,ESP,Valladolid,2020-08-30,2021-02-25,SEVERE,ac4231f2-e7db-4cf5-b65b-4cfc98a98c18
ed1b6f6e-59d1-4b5c-8769-ee51b24d2a5c,Kilian Fischer,GER,Wolfsburg,2025-08-30,2025-12-23,SEVERE,01f34688-6fc8-4c19-90ff-5226cff484f3
1274b347-b0b2-4a08-91fd-aaf95d4ce7aa,Koffi Djidji,FRA,Nantes,2023-08-30,2024-01-05,SEVERE,4ad1adf7-52d7-4411-b621-87c95bfcdd66
1274b347-b0b2-4a08-91fd-aaf95d4ce7aa,Koffi Djidji,ITA,Torino,2023-08-30,2024-01-05,SEVERE,4ad1adf7-52d7-4411-b621-87c95bfcdd66
d341d24e-d756-4c91-9b9c-dd16c9da6ae3,Kostas Manolas,ITA,Roma,2021-08-30,2022-01-30,SEVERE,8a176bc0-a650-45ca-927e-5d3ff5681744
d341d24e-d756-4c91-9b9c-dd16c9da6ae3,Kostas Manolas,ITA,Napoli,2021-08-30,2022-01-30,SEVERE,8a176bc0-a650-45ca-927e-5d3ff5681744
d19a4ff0-43d4-4806-b5fe-3cf43a790206,Kwadwo Asamoah,ITA,Inter,2019-08-30,2020-02-03,SEVERE,bd861bd5-149d-480b-9676-cdd7d222710d
a8bb3659-3432-4d71-82c2-30d39ba4bc1b,Kyle Walker,ENG,Manchester City,2024-08-30,2025-01-15,SEVERE,aa115118-d972-4768-8493-50bc781ddddc
a8bb3659-3432-4d71-82c2-30d39ba4bc1b,Kyle Walker,ENG,Tottenham,2024-08-30,2025-01-15,SEVERE,aa115118-d972-4768-8493-50bc781ddddc
a8bb3659-3432-4d71-82c2-30d39ba4bc1b,Kyle Walker,ENG,Burnley,2024-08-30,2025-01-15,SEVERE,aa115118-d972-4768-8493-50bc781ddddc
26ecd4f4-2de8-499a-b4bb-83e0ac17f3d5,Ladislav Krejčí,ITA,Bologna,2017-08-30,2018-02-25,SEVERE,e7785e62-1385-46a5-9bb1-ace3ddb260aa
05c3e765-4966-4061-996c-8f3d3270bbb6,Lamine Sané,GER,Werder Bremen,2017-08-30,2017-12-29,SEVERE,8025bcc4-b97f-4972-a843-1192e5367712
fbc02af0-7a90-4d2f-8765-9a0c4b34f054,Laurent Koscielny,ENG,Arsenal,2021-08-30,2021-12-06,SEVERE,617aafda-2eb5-435b-b92e-d35e94600280
fbc02af0-7a90-4d2f-8765-9a0c4b34f054,Laurent Koscielny,FRA,Bordeaux,2021-08-30,2021-12-06,SEVERE,617aafda-2eb5-435b-b92e-d35e94600280
6215cc55-31fc-4849-a375-3df0e65301e2,Lennard Maloney,GER,Heidenheim,2024-08-30,2024-12-25,SEVERE,d7c09ea4-c1ff-46ec-98fc-9923e031f075
153bdf7a-a843-4d23-9736-267c440ab65d,Leonardo Pavoletti,ITA,Cagliari,2019-08-30,2020-02-25,SEVERE,b50fb2b6-0520-4c82-b49a-47996561867f
4aed31a9-fd9d-4c4a-bb5e-c08f1b1c6c29,Levi Colwill,ENG,Chelsea,2025-08-30,2026-02-25,SEVERE,78acb5dd-05e3-430c-8479-d8b2901374e9
3476c718-8c15-4423-89b1-eefb16bb567c,Lewis Cook,ENG,Bournemouth,2018-08-30,2018-12-24,SEVERE,cd56021f-f2f3-43e6-b0a0-a960b53935b9
3476c718-8c15-4423-89b1-eefb16bb567c,Lewis Cook,ENG,Bournemouth,2025-08-30,2026-02-08,SEVERE,0de8699e-17a2-4c15-b858-faae9f7f9529
9c3c5870-a678-4b11-bb1d-87ca2a50c4da,Lewis Ferguson,ITA,Bologna,2024-08-30,2025-01-10,SEVERE,06a63919-95f1-43d8-bd4d-770b883cf6fb
969a6924-cffc-4d22-9d64-567b1ebf2558,Logan Costa,FRA,Toulouse,2025-08-30,2026-02-25,SEVERE,296a80f2-7f5e-4c81-ad24-ff79d38493fb
969a6924-cffc-4d22-9d64-567b1ebf2558,Logan Costa,ESP,Villarreal,2025-08-30,2026-02-25,SEVERE,296a80f2-7f5e-4c81-ad24-ff79d38493fb
4ff563cc-ce42-4ae4-8305-8738f73fd227,Lorenzo De Silvestri,ITA,Bologna,2022-08-30,2023-01-02,SEVERE,20f8936d-b0cc-4334-8a1e-86e8d5e9812a
4ff563cc-ce42-4ae4-8305-8738f73fd227,Lorenzo De Silvestri,ITA,Torino,2022-08-30,2023-01-02,SEVERE,20f8936d-b0cc-4334-8a1e-86e8d5e9812a
41b0913b-5b82-4289-b189-aa899a676822,Loris Benito,FRA,Bordeaux,2021-08-30,2022-02-25,SEVERE,d5f24f30-6214-493e-b8b3-790f486a0525
f9c0ab05-d80d-4bfa-8a60-6350fb7ce345,Luca Netz,GER,Gladbach,2024-08-30,2024-12-04,SEVERE,381d124e-37b2-4fce-9173-9c66203263f0
898e6915-7081-4a82-84f7-8fa1275c5185,Lucas Lima,FRA,Nantes,2019-08-30,2020-02-18,SEVERE,fe9550bb-cec1-4c9d-a0fb-4a82ac478322
39cdc679-5e09-402e-9a12-7fa61e470675,Lucas Martínez Quarta,ITA,Fiorentina,2024-08-30,2025-01-26,SEVERE,554b17c9-cb17-4216-b8ef-eb9f3186eb69
b90245e0-e5e3-418c-89ff-7fd21e14aea0,Lucas Ocampos,ESP,Sevilla,2024-08-30,2025-02-25,SEVERE,11b2ba85-0b57-478e-ae58-f92205e67a05
b90245e0-e5e3-418c-89ff-7fd21e14aea0,Lucas Ocampos,FRA,Marseille,2024-08-30,2025-02-25,SEVERE,11b2ba85-0b57-478e-ae58-f92205e67a05
e46e3ab1-ab7c-45af-b64a-a3d6a2c6cb2b,Ludovic Baal,FRA,Rennes,2017-08-30,2018-01-09,SEVERE,15fb4260-0630-4742-94cf-5775edf170fe
ae240884-a235-44e1-a2bb-cd36f53c1f4d,Ludwig Augustinsson,GER,Werder Bremen,2019-08-30,2020-02-08,SEVERE,ed3cf77f-2ba7-4fb6-a958-1a44031ada73
634154c8-76c8-4b41-9276-b3bc091984b3,Luis Hernández,ESP,Cádiz,2023-08-30,2024-02-25,SEVERE,f056b92a-1bcb-48e7-9815-baf76bb1fd85
634154c8-76c8-4b41-9276-b3bc091984b3,Luis Hernández,ESP,Málaga,2023-08-30,2024-02-25,SEVERE,f056b92a-1bcb-48e7-9815-baf76bb1fd85
d9148762-d079-40ce-aa23-acf77bcaaeeb,Luiz Gustavo,FRA,Marseille,2019-08-30,2020-02-19,SEVERE,0811428e-9eda-4b21-a985-ff7209165de4
d9148762-d079-40ce-aa23-acf77bcaaeeb,Luiz Gustavo,GER,Wolfsburg,2019-08-30,2020-02-19,SEVERE,0811428e-9eda-4b21-a985-ff7209165de4
54db98fd-55a3-4726-a20e-3d156ba292ea,Luka Milivojević,ENG,Crystal Palace,2021-08-30,2021-12-30,SEVERE,52a6df13-a4bb-4805-91de-4264bc0494d1
95bafd84-d824-4430-ab55-1df7d3357574,Luke Shaw,ENG,Manchester Utd,2023-08-30,2023-12-30,SEVERE,3cd5a661-f225-4574-89e5-3311c20a8087
f461052b-5d13-4179-ad8f-52f955ff449d,Mamadou Sakho,ENG,Crystal Palace,2019-08-30,2019-12-22,SEVERE,1e97ab0f-9e53-4bf8-826a-05f81db359e5
f461052b-5d13-4179-ad8f-52f955ff449d,Mamadou Sakho,FRA,Montpellier,2019-08-30,2019-12-22,SEVERE,1e97ab0f-9e53-4bf8-826a-05f81db359e5
f461052b-5d13-4179-ad8f-52f955ff449d,Mamadou Sakho,ENG,Crystal Palace,2022-08-30,2023-01-16,SEVERE,68633d43-f4db-4a77-b662-40403ad09a6b
f461052b-5d13-4179-ad8f-52f955ff449d,Mamadou Sakho,FRA,Montpellier,2022-08-30,2023-01-16,SEVERE,68633d43-f4db-4a77-b662-40403ad09a6b
441f1419-2d69-4e91-900c-e37b50dab632,Marcel Halstenberg,GER,RB Leipzig,2017-08-30,2017-12-22,SEVERE,8ab0c485-9944-496d-862c-2051311e74df
eb240586-5af5-4bd2-b426-23b2d4b168e9,Marco Benassi,ITA,Fiorentina,2019-08-30,2019-12-08,SEVERE,796007a1-824e-4a31-9348-5048951b23b5
d72aa357-13d0-4f1a-9f19-80d72ab501a1,Marek Hamšík,ITA,Napoli,2018-08-30,2018-12-20,SEVERE,2adf2063-51aa-4f04-870a-de361c818c6a
fda662c2-55ba-4200-adf7-0b1de0ca405d,Marius Bülter,GER,Schalke 04,2020-08-30,2020-12-11,SEVERE,e34a8586-36f8-4bd0-8c55-b8df7ed66e26
fda662c2-55ba-4200-adf7-0b1de0ca405d,Marius Bülter,GER,Union Berlin,2020-08-30,2020-12-11,SEVERE,e34a8586-36f8-4bd0-8c55-b8df7ed66e26
48ede20f-306d-49cd-b150-278e026c3f8d,Mark Noble,ENG,West Ham,2020-08-30,2021-01-28,SEVERE,9caece16-a5d8-4653-a900-4f5d58e2385d
7b667b49-dcb4-4469-bbe4-bb0022cc18ed,Martín Mantovani,ESP,Leganés,2017-08-30,2018-01-06,SEVERE,d38ce6f3-77dd-48d5-98f6-95de07a0d566
c5142412-1af1-485e-b9d0-d633c79b4d7f,Marvin Friedrich,GER,Union Berlin,2021-08-30,2022-01-23,SEVERE,03a0c0fb-0ecb-4644-b982-271bf8b7b838
a397ae0b-49c2-467f-a61e-542d18e77305,Mateo Pavlović,FRA,Angers,2019-08-30,2020-01-06,SEVERE,38b51fa2-33a0-4a4e-aa0c-3672006388d4
2e2cc7e5-cc18-42db-b272-b20ff5613da7,Matheus Nunes,ENG,Manchester City,2023-08-30,2024-02-22,SEVERE,9b8fc44f-02ad-4040-a34f-62daa075ee0d
2e2cc7e5-cc18-42db-b272-b20ff5613da7,Matheus Nunes,ENG,Wolves,2023-08-30,2024-02-22,SEVERE,9b8fc44f-02ad-4040-a34f-62daa075ee0d
8f1a95f8-7b0f-4a74-b4fe-273246e761d5,Mathias Jensen,ENG,Brentford,2024-08-30,2024-12-11,SEVERE,ffc4a5ec-ca39-4b4d-846f-6d64df07ab18
1eae55b0-dc17-4596-94c4-484ca6c8c36e,Matteo Pessina,ITA,Monza,2024-08-30,2025-02-25,SEVERE,b365740b-1932-4c67-ae32-50809edd62a9
1eae55b0-dc17-4596-94c4-484ca6c8c36e,Matteo Pessina,ITA,Hellas Verona,2024-08-30,2025-02-25,SEVERE,b365740b-1932-4c67-ae32-50809edd62a9
67eef713-e4ea-401a-8d34-de6d812be193,Mauro Arambarri,ESP,Getafe,2022-08-30,2023-01-05,SEVERE,d84fefad-8b7a-4a33-8e34-9a3a1dcfa471
a3f8224c-d6c0-4886-854e-d82b0e62c3a2,Maxime Lopez,ITA,Sassuolo,2023-08-30,2024-02-12,SEVERE,4bce2cde-81c1-4b79-b2d4-8f0d7ae1039a
159cfe62-6921-47af-b29f-1356db06d131,Maxime Poundjé,FRA,Bordeaux,2019-08-30,2020-02-25,SEVERE,ff745c81-dab6-4da7-beef-a18ec03917cc
44e3ca34-4c44-4866-8f1a-f7abf0e38692,Memphis,FRA,Lyon,2019-08-30,2020-01-09,SEVERE,1e45a40c-e9e5-4cc8-b231-d7894bd172f6
577174b6-ce62-4750-a87a-9fe3f1b7a3f7,Michael Amir Murillo,FRA,Marseille,2025-08-30,2025-12-19,SEVERE,296b5170-850b-452d-9869-5d1f8e60a006
7ccdb3ed-627e-4ab0-91a4-ce92e9660480,Michael Keane,ENG,Everton,2022-08-30,2023-01-16,SEVERE,adf33e6b-6674-4d1f-9f5d-06f250a69ded
7ccdb3ed-627e-4ab0-91a4-ce92e9660480,Michael Keane,ENG,Burnley,2022-08-30,2023-01-16,SEVERE,adf33e6b-6674-4d1f-9f5d-06f250a69ded
8d8bee65-b018-4644-8b69-31903bee2a18,Michel Aebischer,ITA,Pisa,2024-08-30,2024-12-24,SEVERE,2dce1a42-0f68-41a1-9ba4-d4cfd05f3295
8d8bee65-b018-4644-8b69-31903bee2a18,Michel Aebischer,ITA,Bologna,2024-08-30,2024-12-24,SEVERE,2dce1a42-0f68-41a1-9ba4-d4cfd05f3295
321179d6-4a9c-417b-a1ef-1a50364dc394,Micky van de Ven,GER,Wolfsburg,2024-08-30,2024-12-09,SEVERE,fef75981-7d2d-4e23-87b5-249e9a869265
321179d6-4a9c-417b-a1ef-1a50364dc394,Micky van de Ven,ENG,Tottenham,2024-08-30,2024-12-09,SEVERE,fef75981-7d2d-4e23-87b5-249e9a869265
dfb8ff0e-dfe9-4533-9b3f-910f37142d51,Miguel Britos,ENG,Watford,2017-08-30,2017-12-22,SEVERE,d7be53f3-5968-4e3c-87a3-407a58ee1ae2
7f24efb5-bd6e-4444-8b17-a5ca460f17e6,Mike Frantz,GER,Freiburg,2017-08-30,2017-12-20,SEVERE,4d485627-b3d8-4b4d-9445-c382970b3401
7f24efb5-bd6e-4444-8b17-a5ca460f17e6,Mike Frantz,GER,Freiburg,2019-08-30,2020-01-21,SEVERE,28f962f5-327b-4544-be39-b692b1e74dbd
3b3a6e2d-1297-4347-8e34-9974039c7066,Miranda,ITA,Inter,2018-08-30,2018-12-28,SEVERE,4ae03001-1cc2-482d-8d9f-f656efec6e66
e75b75a0-9b3c-45a0-bf4f-bf2fc441f57d,Mohamed Fares,ITA,SPAL,2019-08-30,2020-02-25,SEVERE,29791331-be73-4b06-a98a-057b71e64a82
e75b75a0-9b3c-45a0-bf4f-bf2fc441f57d,Mohamed Fares,ITA,Hellas Verona,2019-08-30,2020-02-25,SEVERE,29791331-be73-4b06-a98a-057b71e64a82
60249295-69b5-4f0c-a1ad-3cec383e5a7d,Mouctar Diakhaby,ESP,Valencia,2023-08-30,2023-12-13,SEVERE,3ea79133-4d83-4379-818f-c729c0a7d30c
1815cc33-b779-420d-a6d5-e9e5b3f28d51,Moussa Dembélé,FRA,Lyon,2022-08-30,2022-12-10,SEVERE,1b928299-c4f3-4283-8068-40d57d4bcc69
7f5ede24-49ac-472b-88a5-bdd0aa3ad275,Nabil Bentaleb,GER,Schalke 04,2017-08-30,2017-12-26,SEVERE,75f24b91-4080-4e90-b434-59ffd2d74efb
7f5ede24-49ac-472b-88a5-bdd0aa3ad275,Nabil Bentaleb,FRA,Angers,2017-08-30,2017-12-26,SEVERE,75f24b91-4080-4e90-b434-59ffd2d74efb
63bd106d-f3f2-4507-a04a-89dafed2c0bb,Nabil Fekir,ESP,Real Betis,2022-08-30,2023-01-18,SEVERE,80d26e16-1fed-4f57-ae85-449976463d3d
63bd106d-f3f2-4507-a04a-89dafed2c0bb,Nabil Fekir,FRA,Lyon,2022-08-30,2023-01-18,SEVERE,80d26e16-1fed-4f57-ae85-449976463d3d
519db789-754d-40a1-aff4-77099c71315e,Nathaniel Clyne,ENG,Liverpool,2017-08-30,2018-02-25,SEVERE,e061f0aa-3f8c-4a36-ac75-8de8848b9dad
4538940d-2249-4277-a472-b279ea120c24,Nehuén Pérez,ITA,Udinese,2024-08-30,2025-02-25,SEVERE,1b374e12-13a0-4957-846d-f9502da6ec3c
a49ff288-33b6-4d56-ad56-ed768a1de1c9,Nenad Tomović,ITA,Chievo,2018-08-30,2018-12-28,SEVERE,e6b8b0b3-1bbe-454a-8903-4f61523b9143
496671ca-c7de-46e4-8fff-1b9c29816219,Nicolas Höfler,GER,Freiburg,2024-08-30,2024-12-26,SEVERE,abd9e6a8-708f-4a47-86e4-caf946ac943c
76cb5440-1c41-4e24-8824-1c4a4070a0ad,Nicolò Rovella,ITA,Lazio,2025-08-30,2026-02-16,SEVERE,19d8ab83-bb90-47f2-b4f6-5ebd61564481
c6dedcc2-13bd-4b4f-a5d4-8b43a4fe1d7a,Niklas Dorsch,GER,Augsburg,2022-08-30,2023-01-19,SEVERE,096e0799-aef1-4ca6-b165-364938e21c78
c6dedcc2-13bd-4b4f-a5d4-8b43a4fe1d7a,Niklas Dorsch,GER,Heidenheim,2022-08-30,2023-01-19,SEVERE,096e0799-aef1-4ca6-b165-364938e21c78
f71a6fdd-d21c-4e8f-9c8a-b2bc1c58822f,Niklas Süle,GER,Hoffenheim,2019-08-30,2020-02-01,SEVERE,f3e17d2d-a022-46e8-9de3-e70c2127a860
f71a6fdd-d21c-4e8f-9c8a-b2bc1c58822f,Niklas Süle,GER,Bayern Munich,2019-08-30,2020-02-01,SEVERE,f3e17d2d-a022-46e8-9de3-e70c2127a860
61fa588d-14af-424a-88fc-2a83461165c0,Ohis Felix Uduokhai,GER,Augsburg,2021-08-30,2022-01-17,SEVERE,52ce89ae-966d-4479-bfee-7297c9c7366d
731835fc-298d-4a27-9043-f51ee89d0695,Omar Mascarell,ESP,Mallorca,2017-08-30,2018-01-06,SEVERE,0ba4201a-c45a-4235-bbd2-73135a7118d1
731835fc-298d-4a27-9043-f51ee89d0695,Omar Mascarell,ESP,Elche,2017-08-30,2018-01-06,SEVERE,0ba4201a-c45a-4235-bbd2-73135a7118d1
731835fc-298d-4a27-9043-f51ee89d0695,Omar Mascarell,GER,Frankfurt,2017-08-30,2018-01-06,SEVERE,0ba4201a-c45a-4235-bbd2-73135a7118d1
4352bd42-38f8-4f8b-8c76-2cfbc661aa2a,Ondrej Duda,GER,Hertha BSC,2019-08-30,2020-02-09,SEVERE,390ac239-1159-4f43-a962-58ca24acdad8
4352bd42-38f8-4f8b-8c76-2cfbc661aa2a,Ondrej Duda,GER,Köln,2019-08-30,2020-02-09,SEVERE,390ac239-1159-4f43-a962-58ca24acdad8
4352bd42-38f8-4f8b-8c76-2cfbc661aa2a,Ondrej Duda,ITA,Hellas Verona,2019-08-30,2020-02-09,SEVERE,390ac239-1159-4f43-a962-58ca24acdad8
f3898726-e768-4d63-9899-654d854326ea,Pablo Martinez,FRA,Strasbourg,2020-08-30,2021-01-15,SEVERE,6adfeb60-df93-4ce0-b79d-4c7b660530a9
f3898726-e768-4d63-9899-654d854326ea,Pablo Martinez,FRA,Nîmes,2020-08-30,2021-01-15,SEVERE,6adfeb60-df93-4ce0-b79d-4c7b660530a9
5e71e9bb-58eb-4cf1-8b66-0e12cc492f3a,Patrick Bamford,ENG,Leeds United,2021-08-30,2022-02-25,SEVERE,068508db-7534-4ee4-b17f-a94d508c9b30
3b8a681f-2354-483e-8c85-6e8f9d2a7aa4,Paul Baysse,FRA,Bordeaux,2021-08-30,2022-02-25,SEVERE,22d56095-7e8b-40b2-9baa-b2ee41624eab
3726d94c-5a93-4455-ba34-2ea5fc15f2db,Paul Verhaegh,GER,Wolfsburg,2018-08-30,2019-02-25,SEVERE,a6590d9b-1d50-4fdd-883c-b8d96160b307
3726d94c-5a93-4455-ba34-2ea5fc15f2db,Paul Verhaegh,GER,Augsburg,2018-08-30,2019-02-25,SEVERE,a6590d9b-1d50-4fdd-883c-b8d96160b307
3b91b4ba-5aac-448c-a945-1cbedc956674,Pedri,ESP,Barcelona,2021-08-30,2021-12-26,SEVERE,0333de6a-db15-4617-9449-9182713c4866
9918923e-567a-4f25-961f-cc4794425cfd,Pedro Bigas,ESP,Las Palmas,2017-08-30,2018-01-12,SEVERE,f251e069-92f8-4e57-bda6-0b87e13bd97d
3d81c406-1a26-427c-a8b4-7155f9f12d87,Pedro León,ESP,Eibar,2017-08-30,2018-02-06,SEVERE,b302c13f-e890-47e7-96ef-89be65222245
7c9ed0f2-3c94-4a14-be56-d2bb89436537,Pedro Neto,ENG,Wolves,2021-08-30,2022-02-07,SEVERE,d8f0afe6-6c84-4a20-8bce-fc16e4450880
7c9ed0f2-3c94-4a14-be56-d2bb89436537,Pedro Neto,ENG,Chelsea,2021-08-30,2022-02-07,SEVERE,d8f0afe6-6c84-4a20-8bce-fc16e4450880
ed993f57-676f-446f-a78a-adc6fc9bbcf1,Perr Schuurs,ITA,Torino,2023-08-30,2023-12-28,SEVERE,b546b240-b528-431a-846b-3100bca96fdf
cc702511-f3ff-46c5-ab85-5301f7046c83,Peter Pekarík,GER,Hertha BSC,2022-08-30,2023-02-02,SEVERE,349d7569-e3a8-4693-a870-c05b4f2077fb
543defaa-8e5a-48e3-98e6-96aa43e1a2ab,Pierre Kalulu,ITA,Milan,2023-08-30,2024-02-14,SEVERE,c472028e-fdbc-49af-aac9-ef679584d106
543defaa-8e5a-48e3-98e6-96aa43e1a2ab,Pierre Kalulu,ITA,Juventus,2023-08-30,2024-02-14,SEVERE,c472028e-fdbc-49af-aac9-ef679584d106
ec9a97d4-42f0-4fa5-b6c1-b0e068c73e54,Pione Sisto,ESP,Celta Vigo,2018-08-30,2019-01-06,SEVERE,0d1ceabd-5322-4e62-bb37-f56c121e8712
7997701b-4122-4faa-9039-7ed5f16cdc38,Pontus Jansson,ENG,Brentford,2022-08-30,2023-02-25,SEVERE,a1dfd818-11f5-4c59-ae5e-5db3cc469fb4
d8a3d712-f0fd-4a46-9232-5259c91ecdfe,Presnel Kimpembe,FRA,PSG,2022-08-30,2023-01-19,SEVERE,b847f1e6-76d0-40ad-9dab-5fda2f955071
7e246223-ee3d-4de8-b403-b9e949f8999d,Prince-Désir Gouano,FRA,Amiens,2019-08-30,2020-02-25,SEVERE,9b6fd834-64c0-4bbc-ad93-db560902e99c
ff442902-5c5b-4e55-a30f-85daf63a125b,Rafael Tolói,ITA,Atalanta,2023-08-30,2024-01-17,SEVERE,8f3e4851-6d4e-4510-90ca-bc50e52dee39
2e9029f2-ad02-43c2-8057-024a6ee23cf3,Ragnar Klavan,ITA,Cagliari,2020-08-30,2020-12-30,SEVERE,ed11a788-cebf-4c5d-be76-e7dc34283d12
8846af0a-5149-4fbf-a321-4274eef68ce4,Ramiro Funes Mori,ESP,Villarreal,2019-08-30,2020-02-14,SEVERE,3541f0f7-27c4-4419-80ad-0d5d77fffae5
6e463255-8e37-4c46-b906-6f7f37f343a0,Rasmus Nicolaisen,FRA,Toulouse,2024-08-30,2025-02-24,SEVERE,c347d382-e573-451f-a949-9514b7dd14df
2e084a8f-c5a8-4310-bc09-cc92e68b74e8,Raúl Jiménez,ENG,Wolves,2020-08-30,2021-02-25,SEVERE,9a11618e-e902-447d-be48-f5dc2dd422f1
2e084a8f-c5a8-4310-bc09-cc92e68b74e8,Raúl Jiménez,ENG,Fulham,2020-08-30,2021-02-25,SEVERE,9a11618e-e902-447d-be48-f5dc2dd422f1
2e084a8f-c5a8-4310-bc09-cc92e68b74e8,Raúl Jiménez,ENG,Wolves,2022-08-30,2023-01-14,SEVERE,29098ecf-f821-440a-b520-c8f707789ab8
2e084a8f-c5a8-4310-bc09-cc92e68b74e8,Raúl Jiménez,ENG,Fulham,2022-08-30,2023-01-14,SEVERE,29098ecf-f821-440a-b520-c8f707789ab8
d7735b5a-119f-4c1a-9474-56e0e33532ab,Reece Oxford,GER,Augsburg,2022-08-30,2023-02-25,SEVERE,a8aaf187-9448-464c-98e8-1b88c1b670a8
631fdea2-aaf4-4b17-9c6f-101a9213b9f3,Ricardo Pereira,ENG,Leicester City,2020-08-30,2020-12-28,SEVERE,448af8c0-b604-4458-aa4f-2c858049ee08
885e4728-a3c9-43a1-85cd-433747b4b661,Ricardo Rodríguez,ITA,Milan,2019-08-30,2020-02-25,SEVERE,14a36efd-b247-4738-b1e3-73401d1d0687
885e4728-a3c9-43a1-85cd-433747b4b661,Ricardo Rodríguez,ITA,Torino,2019-08-30,2020-02-25,SEVERE,14a36efd-b247-4738-b1e3-73401d1d0687
57516a60-4f11-4beb-ab23-ac8ac19439a4,Rick Karsdorp,ITA,Roma,2022-08-30,2023-02-13,SEVERE,4d9e184a-5bba-4346-aee6-8ca831c048ff
9e4ae412-6a2c-4704-9cc0-3e875b0449bc,Rico Henry,ENG,Brentford,2023-08-30,2024-02-25,SEVERE,3b54f180-f0f0-4909-b494-3cc2889d3622
15acfe82-49bc-4177-acf5-d92d8d3227ef,Rob Holding,ENG,Arsenal,2021-08-30,2022-01-09,SEVERE,07229989-f7b3-4d2e-b6b2-97ccf12402e3
d51019d9-dc9c-4e2b-9ad8-363e626835d0,Rober,ESP,Levante,2019-08-30,2020-02-25,SEVERE,4a115a8c-057a-4833-a7e7-083a2a26b16f
d9a2ac1c-ccda-4b6a-802d-24d97876fa7c,Robert Skov,GER,Hoffenheim,2020-08-30,2020-12-19,SEVERE,a0e0adc0-5f3f-49ac-88d6-a80f24e1a690
e2431015-78a4-4f47-944f-76423d9a4e0e,Roberto Firmino,ENG,Liverpool,2021-08-30,2022-01-19,SEVERE,87c84668-2561-48d5-90a1-5b4021d3eec3
768bee90-aa1f-4b79-82e7-5df60e143dc6,Roberto Gagliardini,ITA,Monza,2024-08-30,2025-02-14,SEVERE,d3deaaad-235b-4427-96f8-e5acab0ab461
768bee90-aa1f-4b79-82e7-5df60e143dc6,Roberto Gagliardini,ITA,Hellas Verona,2024-08-30,2025-02-14,SEVERE,d3deaaad-235b-4427-96f8-e5acab0ab461
910db2a5-e961-40f8-977d-06038c813abe,Rodrigo Ely,ESP,Alavés,2018-08-30,2019-02-20,SEVERE,ef0d83b0-8e88-427c-91f5-5f8a06e6768d
910db2a5-e961-40f8-977d-06038c813abe,Rodrigo Ely,ESP,Almería,2018-08-30,2019-02-20,SEVERE,ef0d83b0-8e88-427c-91f5-5f8a06e6768d
cd1b2168-6c3b-49ed-8d86-3f38f415beed,Rogério,ITA,Sassuolo,2019-08-30,2020-01-04,SEVERE,b08f0dcd-0e5f-4f7f-9227-1a0effcfcfe6
5a38f9bc-ac32-4dcd-90b5-bd3e496d75e4,Rolando,FRA,Marseille,2018-08-30,2019-01-08,SEVERE,08e99194-936a-4306-b39e-633c05e309e3
1f1df89c-7ba5-44d5-960a-b3167b5164da,Romain Danzé,FRA,Rennes,2017-08-30,2018-02-25,SEVERE,45ad661a-929f-4ee2-a435-83f3105df892
df46f915-5722-49ba-8f8b-6ca1c7160daa,Romelu Lukaku,ITA,Roma,2025-08-30,2026-02-25,SEVERE,640df200-a42f-4df0-bde0-0007365fbdc2
df46f915-5722-49ba-8f8b-6ca1c7160daa,Romelu Lukaku,ENG,Everton,2025-08-30,2026-02-25,SEVERE,640df200-a42f-4df0-bde0-0007365fbdc2
df46f915-5722-49ba-8f8b-6ca1c7160daa,Romelu Lukaku,ENG,Manchester Utd,2025-08-30,2026-02-25,SEVERE,640df200-a42f-4df0-bde0-0007365fbdc2
df46f915-5722-49ba-8f8b-6ca1c7160daa,Romelu Lukaku,ITA,Inter,2025-08-30,2026-02-25,SEVERE,640df200-a42f-4df0-bde0-0007365fbdc2
df46f915-5722-49ba-8f8b-6ca1c7160daa,Romelu Lukaku,ITA,Napoli,2025-08-30,2026-02-25,SEVERE,640df200-a42f-4df0-bde0-0007365fbdc2
bd010303-1ea8-4f76-ad9f-eebe570f89e2,Rubén Castro,ESP,Real Betis,2017-08-30,2018-02-25,SEVERE,7088045b-4cc5-4c20-818d-54e183747e51
08c1218c-6b2f-46e3-8bf6-c0908940c0f9,Ryan Fredericks,ENG,West Ham,2020-08-30,2021-01-05,SEVERE,63044248-ec9f-4f24-bd83-b40894d6fdff
b8ad7228-c25c-4cfb-9205-d0361d99a6f2,Salif Sané,GER,Schalke 04,2019-08-30,2019-12-22,SEVERE,f484138b-4e85-4da7-a726-3aed5c55fd48
b8ad7228-c25c-4cfb-9205-d0361d99a6f2,Salif Sané,GER,Hannover 96,2019-08-30,2019-12-22,SEVERE,f484138b-4e85-4da7-a726-3aed5c55fd48
15d6e8ed-bc1b-4619-bdfa-73bdb3e9aac3,Salomon Kalou,GER,Hertha BSC,2019-08-30,2020-02-13,SEVERE,886c5a40-9e99-4feb-81fc-f232296eb106
0eed3def-d33c-47a4-9210-c951ba7e96df,Sandi Lovrić,ITA,Udinese,2025-08-30,2026-02-11,SEVERE,7f217f0f-88ea-462f-9b90-7284fe41baee
a3642c29-0e73-4d27-804a-e9ecffe475c9,Sean Longstaff,ENG,Newcastle,2024-08-30,2025-01-27,SEVERE,360f1200-6072-4a19-b5a9-047e05c4f84d
ebd56278-b542-4f2f-842c-816cc83d37ac,Sebastian Langkamp,GER,Hertha BSC,2017-08-30,2017-12-12,SEVERE,1b49fb05-1980-45a7-9f52-bf7eed839412
e9851ff3-c287-4862-8f66-a2620741a5e9,Sergi Gómez,ESP,Sevilla,2019-08-30,2020-02-04,SEVERE,60dfceaa-ecf0-4e0b-be02-1249bc628131
e9851ff3-c287-4862-8f66-a2620741a5e9,Sergi Gómez,ESP,Celta Vigo,2019-08-30,2020-02-04,SEVERE,60dfceaa-ecf0-4e0b-be02-1249bc628131
e9851ff3-c287-4862-8f66-a2620741a5e9,Sergi Gómez,ESP,Espanyol,2019-08-30,2020-02-04,SEVERE,60dfceaa-ecf0-4e0b-be02-1249bc628131
5517c603-959a-4572-b467-a0abb9fcd0e4,Sergi Roberto,ESP,Barcelona,2020-08-30,2020-12-15,SEVERE,1d1c9979-5e87-4c7d-bb41-e16bdba0f3f3
1a7d5953-a956-43b3-bc60-a915de9f41e1,Sheraldo Becker,GER,Union Berlin,2023-08-30,2024-01-24,SEVERE,d5c2f16f-0e67-459e-a75b-63d88626b463
fe980797-a5ac-4074-a90c-a750799b2896,Simon Falette,FRA,Metz,2018-08-30,2019-01-01,SEVERE,c4001033-5115-4d34-97f4-17289b50908e
fe980797-a5ac-4074-a90c-a750799b2896,Simon Falette,GER,Frankfurt,2018-08-30,2019-01-01,SEVERE,c4001033-5115-4d34-97f4-17289b50908e
7a98be9e-1447-48ec-84fe-4604a7e22622,Simon Kjær,ITA,Milan,2021-08-30,2021-12-30,SEVERE,c8fb2e7b-72c5-4ab8-91f9-a7b490110211
5ea8a57b-a043-4742-ab44-5308a6d58ebc,Simone Iacoponi,ITA,Parma,2020-08-30,2021-01-20,SEVERE,dd7e4170-f178-46c8-a330-ff56630d876a
488dac64-3c97-4a74-8048-c18d9e711b7e,Sofiane Boufal,FRA,Angers,2022-08-30,2022-12-23,SEVERE,feb1c68d-069f-487e-ac84-abdbf93cff1c
33c5672b-20f0-4fdc-8b23-7326d60a3e27,Sofyan Amrabat,ITA,Hellas Verona,2021-08-30,2021-12-23,SEVERE,af13546f-e08b-489d-b261-e83688eb63cc
33c5672b-20f0-4fdc-8b23-7326d60a3e27,Sofyan Amrabat,ITA,Fiorentina,2021-08-30,2021-12-23,SEVERE,af13546f-e08b-489d-b261-e83688eb63cc
6c290f2f-9ec9-4019-a412-a5bc09c0bfd5,Solly March,ENG,Brighton,2023-08-30,2024-02-13,SEVERE,09cda9c5-b3b9-4747-8a18-cbe678934d4a
d81a979a-bc5b-40c2-8d7f-c3ac2f01f245,Srđan Babić,ESP,Almería,2023-08-30,2024-02-25,SEVERE,2ea5c028-6669-4866-be78-d37c558689af
69823755-f079-4aec-b95b-7633b2ffd1b5,Stefan Bell,GER,Mainz 05,2023-08-30,2024-01-10,SEVERE,5d448506-2436-4613-a282-08b16ef25063
04a2da39-2c3e-4e35-b5c3-bb44ccb3cbd7,Stefan Posch,GER,Hoffenheim,2024-08-30,2025-01-07,SEVERE,6b932abe-7a62-404d-9c8f-3eb19b8d6a51
04a2da39-2c3e-4e35-b5c3-bb44ccb3cbd7,Stefan Posch,ITA,Bologna,2024-08-30,2025-01-07,SEVERE,6b932abe-7a62-404d-9c8f-3eb19b8d6a51
1c9b2dfc-546e-433f-9dfc-7cc9ec236310,Stefano Denswil,ITA,Bologna,2020-08-30,2021-02-10,SEVERE,915ca50c-76bc-4290-b4d1-e52abb7a12c6
dd3c2034-c632-4c9f-8023-070c5f6e76b0,Stephen Ward,ENG,Burnley,2018-08-30,2019-02-18,SEVERE,ebc9bf55-506b-4104-9dde-0a69e9e338fa
a9d248e5-f4d1-488d-bee1-6c7a9705b724,Stéphane Bahoken,FRA,Angers,2019-08-30,2019-12-28,SEVERE,9910f563-5c5a-451f-ad55-5c6ce728d9da
80148515-6d0f-4b61-8055-08a318bc0255,Stéphane Sessègnon,FRA,Montpellier,2017-08-30,2017-12-10,SEVERE,fbd184d4-2252-43ec-89bd-41adf21eaa13
811ae794-bb33-4f19-b50a-8a0e8ddab930,Suso,ITA,Milan,2021-08-30,2022-01-18,SEVERE,adeb5d0d-633b-4003-919d-afdc81361084
811ae794-bb33-4f19-b50a-8a0e8ddab930,Suso,ESP,Sevilla,2021-08-30,2022-01-18,SEVERE,adeb5d0d-633b-4003-919d-afdc81361084
dedb3971-5e87-4007-9784-490b19fd3bcd,Sven Bender,GER,Leverkusen,2020-08-30,2020-12-28,SEVERE,6f417c37-c7ca-401b-aa59-9e80df19fe88
d0df7e2e-8207-4a89-85d0-6b2f21843c9f,Séamus Coleman,ENG,Everton,2017-08-30,2017-12-06,SEVERE,0806271d-f0f4-4bc6-aa8a-f4bdaa83dfbc
7a8e854c-1808-4af5-80ce-3601aca33d80,Sébastien Haller,ENG,West Ham,2020-08-30,2020-12-10,SEVERE,44278aa5-532e-4fb5-9ba5-f406823c20ef
7a8e854c-1808-4af5-80ce-3601aca33d80,Sébastien Haller,GER,Frankfurt,2020-08-30,2020-12-10,SEVERE,44278aa5-532e-4fb5-9ba5-f406823c20ef
7e9d74bc-56e3-400c-9941-6a929e989d18,Takumi Minamino,FRA,Monaco,2025-08-30,2025-12-07,SEVERE,18656600-aae3-48b8-8f06-1295cb1c0e20
620c7739-b0b7-4c21-b369-2b5413b14578,Thiago Maia,FRA,Lille,2018-08-30,2018-12-19,SEVERE,9078a1b9-663f-402b-83a1-b20eb40826f7
8a9eaed6-58e1-4bb9-bb53-7d2338819a48,Thomas Delaney,GER,Werder Bremen,2019-08-30,2019-12-20,SEVERE,4b3888dd-7eb5-422b-995b-da8980295347
8a9eaed6-58e1-4bb9-bb53-7d2338819a48,Thomas Delaney,GER,Dortmund,2019-08-30,2019-12-20,SEVERE,4b3888dd-7eb5-422b-995b-da8980295347
2bd97ee2-d03b-473e-97aa-c10831dbdb24,Thomas Partey,ENG,Arsenal,2023-08-30,2024-01-07,SEVERE,eaa40f65-9e08-47d4-862e-cdabecfd2a30
2bd97ee2-d03b-473e-97aa-c10831dbdb24,Thomas Partey,ESP,Atlético Madrid,2023-08-30,2024-01-07,SEVERE,eaa40f65-9e08-47d4-862e-cdabecfd2a30
7de83142-1c9e-490d-9293-4f7d55e2b118,Thorgan Hazard,GER,Gladbach,2020-08-30,2021-01-10,SEVERE,713f0064-f2dd-48b8-9546-2cf1c8c8198e
7de83142-1c9e-490d-9293-4f7d55e2b118,Thorgan Hazard,GER,Dortmund,2020-08-30,2021-01-10,SEVERE,713f0064-f2dd-48b8-9546-2cf1c8c8198e
bf07d250-ed3a-4376-b2f4-330abd92e75b,Tiago Santos,FRA,Lille,2024-08-30,2025-01-28,SEVERE,df67ca1d-64e2-4527-90f7-a689f921999b
ed1dc4f7-63a5-4832-8469-5f4360be2a67,Tim Kleindienst,GER,Gladbach,2025-08-30,2026-02-25,SEVERE,5ef3e335-1134-4749-938f-574614a41964
ed1dc4f7-63a5-4832-8469-5f4360be2a67,Tim Kleindienst,GER,Heidenheim,2025-08-30,2026-02-25,SEVERE,5ef3e335-1134-4749-938f-574614a41964
5d5ffeb6-2a28-42e0-97af-392591db3a4b,Tino Livramento,ENG,Newcastle,2022-08-30,2023-02-14,SEVERE,83a8204b-973e-46e7-b130-7665ad00e8a9
5d5ffeb6-2a28-42e0-97af-392591db3a4b,Tino Livramento,ENG,Southampton,2022-08-30,2023-02-14,SEVERE,83a8204b-973e-46e7-b130-7665ad00e8a9
df17687b-a9bf-4edd-a996-a533764eed1f,Tobias Strobl,GER,Gladbach,2019-08-30,2020-01-06,SEVERE,09b78489-0feb-4c35-89d7-7420278560f9
0c4bc583-f2ff-4351-bc44-d63a7fe38c34,Tyrone Mings,ENG,Aston Villa,2023-08-30,2024-02-25,SEVERE,463e5bac-9ab7-45a8-8e73-6a4e87ba6a2f
c7df5ac0-b27e-438d-8e72-20edf1b3dbf3,Unai Núñez,ESP,Athletic Club,2018-08-30,2019-01-21,SEVERE,91b20c41-af28-4597-9a0e-c2d86dd82859
c7df5ac0-b27e-438d-8e72-20edf1b3dbf3,Unai Núñez,ESP,Celta Vigo,2018-08-30,2019-01-21,SEVERE,91b20c41-af28-4597-9a0e-c2d86dd82859
276d5cde-2f96-4386-8085-4885aa15ec47,Unai Vencedor Paris,ESP,Athletic Club,2022-08-30,2023-02-15,SEVERE,894f2ae6-5e8d-4228-9d35-d4c3258d6fb8
25de0de6-0787-4f2e-861f-8ad829eb6514,Valentin Rongier,FRA,Marseille,2023-08-30,2024-02-14,SEVERE,0eb33c21-6c74-406b-a71d-ed09281f76b7
25de0de6-0787-4f2e-861f-8ad829eb6514,Valentin Rongier,FRA,Nantes,2023-08-30,2024-02-14,SEVERE,0eb33c21-6c74-406b-a71d-ed09281f76b7
25de0de6-0787-4f2e-861f-8ad829eb6514,Valentin Rongier,FRA,Rennes,2023-08-30,2024-02-14,SEVERE,0eb33c21-6c74-406b-a71d-ed09281f76b7
4fc1c32e-a59d-4243-85d3-f027fab9ac5f,Vasco Regini,ITA,Sampdoria,2017-08-30,2018-01-08,SEVERE,7e1ef24a-f83f-41c7-9e63-149252900b53
d9d9878b-5773-47b2-bc9f-1c1e69c4ac76,Vicente Iborra,ESP,Villarreal,2020-08-30,2021-01-09,SEVERE,69b3d48f-3f26-467d-be11-6a0d6dfebcfa
9d91ee82-2a6a-45f1-90af-0bc95cb930b7,Victor Wanyama,ENG,Tottenham,2017-08-30,2018-02-13,SEVERE,79de955f-e1c9-4773-a67f-e25edd0acb6c
28d49d09-34b6-4190-a3b1-d4f641c0b66f,Vincent Le Goff,FRA,Lorient,2023-08-30,2024-02-25,SEVERE,64641500-8220-4fdb-b0d3-a90b107cbe2a
3143ed3c-960f-4fd0-b393-0f4390cf5a9f,Vladimír Coufal,GER,Hoffenheim,2024-08-30,2025-02-05,SEVERE,ccb466a8-d8e8-4296-8636-23be85b83b0c
3143ed3c-960f-4fd0-b393-0f4390cf5a9f,Vladimír Coufal,ENG,West Ham,2024-08-30,2025-02-05,SEVERE,ccb466a8-d8e8-4296-8636-23be85b83b0c
434d237e-0306-43f8-bc8c-3b37e375e77b,Víctor Díaz,ESP,Granada,2020-08-30,2021-02-04,SEVERE,a76befa0-bf77-4b10-b933-0a6605c2fb7b
269eb394-b218-4ed1-868e-1d194d6634b6,Wahbi Khazri,FRA,Saint-Étienne,2019-08-30,2020-01-05,SEVERE,c4cf0417-c9c1-4e24-82e8-75a1b670aa41
8dbeb9d1-3771-43ca-a1da-e921205d2485,Wesley Fofana,ENG,Leicester City,2021-08-30,2022-01-02,SEVERE,6e6c3a61-9b8c-4fb6-a691-b7015210803a
9010baa1-422d-4464-92ff-f46c9aa640bf,William Carvalho,ESP,Real Betis,2019-08-30,2019-12-23,SEVERE,c1d2e1a9-1937-4375-9530-1fb0e9f39500
9010baa1-422d-4464-92ff-f46c9aa640bf,William Carvalho,ESP,Real Betis,2023-08-30,2024-01-12,SEVERE,644ea2e0-9140-4a4f-863c-63df26431f6f
9e18454a-caa1-44b4-9362-a87040eb46fb,Wylan Cyprien,FRA,Nice,2017-08-30,2017-12-22,SEVERE,40825e97-019c-4a76-ad6d-4f1a152d04d5
56d8dc60-cf14-47bc-a23b-9240e0e24fd2,Xaver Schlager,GER,RB Leipzig,2021-08-30,2021-12-30,SEVERE,bac86c77-56fe-481a-9ffd-adc998364d9b
56d8dc60-cf14-47bc-a23b-9240e0e24fd2,Xaver Schlager,GER,Wolfsburg,2021-08-30,2021-12-30,SEVERE,bac86c77-56fe-481a-9ffd-adc998364d9b
56d8dc60-cf14-47bc-a23b-9240e0e24fd2,Xaver Schlager,GER,Wolfsburg,2024-08-30,2025-02-23,SEVERE,5762806e-f278-45aa-b657-6c0a89e7fb95
56d8dc60-cf14-47bc-a23b-9240e0e24fd2,Xaver Schlager,GER,RB Leipzig,2024-08-30,2025-02-23,SEVERE,5762806e-f278-45aa-b657-6c0a89e7fb95
41f8f071-b4e0-468f-a5e6-6ce130940194,Xeka,FRA,Lille,2019-08-30,2019-12-27,SEVERE,62742691-acb7-4a7b-a35d-cd3001719964
6c0363da-96fd-4ec2-8bf4-e0ec3b0c378c,Yannick Cahuzac,FRA,Lens,2021-08-30,2022-01-03,SEVERE,6e3c9407-870c-4999-ada0-95d8d06c9d27
6c0363da-96fd-4ec2-8bf4-e0ec3b0c378c,Yannick Cahuzac,FRA,Bastia,2021-08-30,2022-01-03,SEVERE,6e3c9407-870c-4999-ada0-95d8d06c9d27
572a2481-9eac-49e7-8e6d-f29abd30d285,Yannick Carrasco,ESP,Atlético Madrid,2017-08-30,2017-12-12,SEVERE,1cebc9f9-bd8d-41f1-8f23-c80a2e3263e0
572a2481-9eac-49e7-8e6d-f29abd30d285,Yannick Carrasco,ESP,Atlético Madrid,2023-08-30,2024-02-08,SEVERE,6f5befd3-70b0-435a-aac8-de998dc0ac47
91a14be9-0697-4747-be19-f70379bafc0e,Yannick Gerhardt,GER,Wolfsburg,2019-08-30,2020-01-02,SEVERE,7dc2f948-9557-4b0f-9cd5-2cfda7b7f8db
1ed28fa1-a33c-4e5f-9afd-3fff49fbb9a1,Yassine Benzia,FRA,Lille,2018-08-30,2019-02-10,SEVERE,2d5751b9-737a-420a-8b2a-c2688ea4ffa9
4dea4bd0-def4-4b37-9b5c-5bfe9e3e7bb1,Yeray Álvarez,ESP,Athletic Club,2017-08-30,2017-12-31,SEVERE,063d6e1d-b962-4db8-b54f-cb1d98d50d2a
e099ea21-268e-4efe-95a5-53da7eb0c35e,Yoann Gourcuff,FRA,Rennes,2017-08-30,2018-01-20,SEVERE,f35223b1-aa3f-4334-8d09-a5761d45fc8b
11948db1-21ec-44e6-a5d9-d94586fabe26,Youcef Atal,FRA,Nice,2019-08-30,2019-12-05,SEVERE,54934dfe-09d2-4ca8-9ea5-abddbccefa94
0bb2ebdc-1b10-4b7d-b8ec-42ac13d5bec4,Yunus Mallı,GER,Wolfsburg,2018-08-30,2018-12-26,SEVERE,025750bd-8f2b-43d4-956f-544fc3d92076
8de88e34-0ac3-436c-ad29-d6505ea32f88,Yvan Neyou,FRA,Saint-Étienne,2021-08-30,2021-12-23,SEVERE,8eca222c-b269-42bf-a535-7c3058e59666
8de88e34-0ac3-436c-ad29-d6505ea32f88,Yvan Neyou,ESP,Leganés,2021-08-30,2021-12-23,SEVERE,8eca222c-b269-42bf-a535-7c3058e59666
2885b4ec-ded2-4ad0-96a6-84258d1ffddd,Yéremy Pino,ESP,Villarreal,2023-08-30,2024-01-29,SEVERE,ed17b8f9-2eac-48f3-9d8c-2a99b43c91e1
283b6188-92e5-45c0-a553-5d75902f1d83,Zakaria Aboukhlal,FRA,Toulouse,2023-08-30,2024-01-09,SEVERE,9d8ed42d-4194-4e40-bf79-78c9bb22d8a9
ae2d08c2-ccb1-4f29-8f4f-6a76fd1ade53,Zlatan Ibrahimović,ENG,Manchester Utd,2017-08-30,2018-02-25,SEVERE,a166f93b-7b9b-4548-bfcc-64e1451bd1e4
2e7edff9-039f-4254-aa0c-824e59bce826,Álvaro González,FRA,Marseille,2021-08-30,2022-02-25,SEVERE,f0bc8c59-8e21-4b81-8f4c-f75b5b7e54c5
2e7edff9-039f-4254-aa0c-824e59bce826,Álvaro González,ESP,Villarreal,2021-08-30,2022-02-25,SEVERE,f0bc8c59-8e21-4b81-8f4c-f75b5b7e54c5
048cc05f-2395-4c23-a35c-8ed429ef0cc4,Çağlar Söyüncü,ENG,Leicester City,2022-08-30,2023-01-29,SEVERE,c708d1a7-d1ff-47ba-b55f-2a2df5c6566e
5155e969-1899-4a65-8dc3-daa5e10f930c,Éder Militão,ESP,Real Madrid,2023-08-30,2024-02-16,SEVERE,63bcb9d8-2dcc-4a41-845c-ccd31c66c451
24f6d8b5-30d8-49de-a58a-b6a7db89a8e5,Óscar de Marcos,ESP,Athletic Club,2019-08-30,2020-01-22,SEVERE,e893ef40-e3c0-4eb9-8849-69ed41189df7
d6dc54cc-6ab2-4146-9118-4fcaa56a7fca,Ștefan Radu,ITA,Lazio,2021-08-30,2022-01-23,SEVERE,936e38fb-37ad-4169-ab22-f92333ddeba8
